source_field,target_field,match_type
ADU Allowance,ADU_Allowance,normalized
ADU Elderly Housing Only,ADU_Elderly_Housing_Only,normalized
ADU Employee or Family Occupancy Required,ADU_Employee_or_Family_Occupancy_Required,normalized
ADU Max Bedrooms,ADU_Max_Bedrooms,normalized
ADU Max Size as Percent of Primary Strcture,ADU_Max_Size_as_Percent_of_Primary_Strcture,normalized
ADU Max Size in sq ft,ADU_Max_Size_in_sq_ft,normalized
ADU Min Lot Size,ADU_Min_Lot_Size,normalized
ADU Min Parking Spaces,ADU_Min_Parking_Spaces,normalized
ADU Owner Occupancy Required,ADU_Owner_Occupancy_Required,normalized
ADU Renter Occupancy Prohibited,ADU_Renter_Occupancy_Prohibited,normalized
ADU Restricted to Primary Structure,ADU_Restricted_to_Primary_Structure,normalized
ADU_Allowance,ADU_Allowance,exact
ADU_Elderly_Housing_Only,ADU_Elderly_Housing_Only,exact
ADU_Employee_or_Family_Occupancy_Required,ADU_Employee_or_Family_Occupancy_Required,exact
ADU_Max_Bedrooms,ADU_Max_Bedrooms,exact
ADU_Max_Size_as_Percent_of_Primary_Strcture,ADU_Max_Size_as_Percent_of_Primary_Strcture,exact
ADU_Max_Size_in_sq_ft,ADU_Max_Size_in_sq_ft,exact
ADU_Min_Lot_Size,ADU_Min_Lot_Size,exact
ADU_Min_Parking_Spaces,ADU_Min_Parking_Spaces,exact
ADU_Owner_Occupancy_Required,ADU_Owner_Occupancy_Required,exact
ADU_Renter_Occupancy_Prohibited,ADU_Renter_Occupancy_Prohibited,exact
ADU_Restricted_to_Primary_Structure,ADU_Restricted_to_Primary_Structure,exact
Abbreviated District Name,Abbreviated_District_Name,normalized
Abbreviated_District_Name,Abbreviated_District_Name,exact
Affordable Housing Allowance,Affordable_Housing_Allowance,normalized
Affordable Housing District,Affordable_Housing_District,normalized
Affordable Housing Elderly Only,Affordable_Housing_Elderly_Only,normalized
Affordable Housing Max Density,Affordable_Housing_Max_Density,normalized
Affordable Housing Max Units per Building,Affordable_Housing_Max_Units_per_Building,normalized
Affordable Housing Min Lot Size,Affordable_Housing_Min_Lot_Size,normalized
Affordable Housing Min Parking Spaces per 1BR,Affordable_Housing_Min_Parking_Spaces_per_1BR,normalized
Affordable Housing Min Parking Spaces per mult BR,Affordable_Housing_Min_Parking_Spaces_per_mult_BR,normalized
Affordable_Housing_Allowance,Affordable_Housing_Allowance,exact
Affordable_Housing_District,Affordable_Housing_District,exact
Affordable_Housing_Elderly_Only,Affordable_Housing_Elderly_Only,exact
Affordable_Housing_Max_Density,Affordable_Housing_Max_Density,exact
Affordable_Housing_Max_Units_per_Building,Affordable_Housing_Max_Units_per_Building,exact
Affordable_Housing_Min_Lot_Size,Affordable_Housing_Min_Lot_Size,exact
Affordable_Housing_Min_Parking_Spaces_per_1BR,Affordable_Housing_Min_Parking_Spaces_per_1BR,exact
Affordable_Housing_Min_Parking_Spaces_per_mult_BR,Affordable_Housing_Min_Parking_Spaces_per_mult_BR,exact
Base Density,Base_Density,normalized
Base_Density,Base_Density,exact
County,County,exact
District Mapped,District_Mapped,normalized
District Name,District_Name,normalized
District Type,District_Type,normalized
District_Mapped,District_Mapped,exact
District_Name,District_Name,exact
District_Type,District_Type,exact
Elderly Housing District,Elderly_Housing_District,normalized
Elderly_Housing_District,Elderly_Housing_District,exact
F1F_Allowance,F1F_Allowance,exact
F1F_Front_Setback,F1F_Front_Setback,exact
F1F_Frontage,F1F_Frontage,exact
F1F_MIN_LOT,F1F_Min_Lot,normalized
F1F_Max_Height,F1F_Max_Height,exact
F1F_Max_Lot_Building_Coverage,F1F_Max_Lot_Building_Coverage,exact
F1F_Max_Lot_Impervious_Coverage,F1F_Max_Lot_Impervious_Coverage,exact
F1F_Max_Stories,F1F_Max_Stories,exact
F1F_Min_Lot,F1F_Min_Lot,exact
F1F_Min_Parking_Spaces,F1F_Min_Parking_Spaces,exact
F1F_Rear_Setback,F1F_Rear_Setback,exact
F1F_Side_Setback,F1F_Side_Setback,exact
F2F_Affordable_Housing_Only,F2F_Affordable_Housing_Only,exact
F2F_Allowance,F2F_Allowance,exact
F2F_Elderly_Housing_Only,F2F_Elderly_Housing_Only,exact
F2F_Front_Setback,F2F_Front_Setback,exact
F2F_Frontage,F2F_Frontage,exact
F2F_Max_Density,F2F_Max_Density,exact
F2F_Max_Height,F2F_Max_Height,exact
F2F_Max_Lot_Building_Coverage,F2F_Max_Lot_Building_Coverage,exact
F2F_Max_Lot_Impervious_Coverage,F2F_Max_Lot_Impervious_Coverage,exact
F2F_Max_Stories,F2F_Max_Stories,exact
F2F_Min_Lot_Size,F2F_Min_Lot_Size,exact
F2F_Min_Parking_Spaces_per_1BR,F2F_Min_Parking_Spaces_per_1BR,exact
F2F_Min_Parking_Spaces_per_mult_BR,F2F_Min_Parking_Spaces_per_mult_BR,exact
F2F_Rear_Setback,F2F_Rear_Setback,exact
F2F_Side_Setback,F2F_Side_Setback,exact
F3F_Affordable_Housing_Only,F3F_Affordable_Housing_Only,exact
F3F_Allowance,F3F_Allowance,exact
F3F_Connection_to_Sewage_Water_Required,F3F_Connection_to_Sewage/Water_Required,normalized
F3F_Elderly_Housing_Only,F3F_Elderly_Housing_Only,exact
F3F_Front_Setback,F3F_Front_Setback,exact
F3F_Frontage,F3F_Frontage,exact
F3F_Max_Density,F3F_Max_Density,exact
F3F_Max_Height,F3F_Max_Height,exact
F3F_Max_Lot_Building_Coverage,F3F_Max_Lot_Building_Coverage,exact
F3F_Max_Lot_Impervious_Coverage,F3F_Max_Lot_Impervious_Coverage,exact
F3F_Max_Stories,F3F_Max_Stories,exact
F3F_Min_Lot_Size,F3F_Min_Lot_Size,exact
F3F_Min_Parking_Spaces_per_1BR,F3F_Min_Parking_Spaces_per_1BR,exact
F3F_Min_Parking_Spaces_per_mult_BR,F3F_Min_Parking_Spaces_per_mult_BR,exact
F3F_Proximity_to_Public_Transit_Required,F3F_Proximity_to_Public_Transit_Required,exact
F3F_Rear_Setback,F3F_Rear_Setback,exact
F3F_Side_Setback,F3F_Side_Setback,exact
F4F_Affordable_Housing_Only,F4F_Affordable_Housing_Only,exact
F4F_Allowance,F4F_Allowance,exact
F4F_Connection_to_Sewage_Water_Required,F4F_Connection_to_Sewage/Water_Required,normalized
F4F_Elderly_Housing_Only,F4F_Elderly_Housing_Only,exact
F4F_Front_Setback,F4F_Front_Setback,exact
F4F_Frontage,F4F_Frontage,exact
F4F_Max_Density,F4F_Max_Density,exact
F4F_Max_Height,F4F_Max_Height,exact
F4F_Max_Lot_Building_Coverage,F4F_Max_Lot_Building_Coverage,exact
F4F_Max_Lot_Impervious_Coverage,F4F_Max_Lot_Impervious_Coverage,exact
F4F_Max_Stories,F4F_Max_Stories,exact
F4F_Min_Lot_Size,F4F_Min_Lot_Size,exact
F4F_Min_Parking_Spaces_per_1BR,F4F_Min_Parking_Spaces_per_1BR,exact
F4F_Min_Parking_Spaces_per__mult_BR,F4F_Min_Parking_Spaces_per_mult_BR,normalized
F4F_Proximity_to_Public_Transit_Required,F4F_Proximity_to_Public_Transit_Required,exact
F4F_Rear_Setback,F4F_Rear_Setback,exact
F4F_Side_Setback,F4F_Side_Setback,exact
Jurisdiction,Jurisdiction,exact
Jurisdiction District Name,Jurisdiction_District_Name,normalized
Jurisdiction_District_Name,Jurisdiction_District_Name,exact
NOTES,NOTES,exact
OBJECTID_1,OBJECTID_1,exact
PRD Allowance,PRD_Allowance,normalized
PRD Max Density,PRD_Max_Density,normalized
PRD Max Units,PRD_Max_Units,normalized
PRD Min Lot Size,PRD_Min_Lot_Size,normalized
PRD Mobile or Manufactured Home Park,PRD_Mobile_or_Manufactured_Home_Park,normalized
PRD_Allowance,PRD_Allowance,exact
PRD_Max_Density,PRD_Max_Density,exact
PRD_Max_Units,PRD_Max_Units,exact
PRD_Min_Lot_Size,PRD_Min_Lot_Size,exact
PRD_Mobile_or_Manufactured_Home_Park,PRD_Mobile_or_Manufactured_Home_Park,exact
PUD Allowance,PUD_Allowance,normalized
PUD Required with Subdivision,PUD_Required_with_Subdivision,normalized
PUD Requires Land Conservation,PUD_Requires_Land_Conservation,normalized
PUD Threshold Number,PUD_Threshold_Number,normalized
PUD_Allowance,PUD_Allowance,exact
PUD_Required_with_Subdivision,PUD_Required_with_Subdivision,exact
PUD_Requires_Land_Conservation,PUD_Requires_Land_Conservation,exact
PUD_Threshold_Number,PUD_Threshold_Number,exact
1F Allowance,,unmatched
1F Floor to Area Ratio,,unmatched
1F Front Setback,,unmatched
1F Frontage,,unmatched
1F Max Height,,unmatched
1F Max Lot Building Coverage,,unmatched
1F Max Lot Impervious Coverage,,unmatched
1F Max Stories,,unmatched
1F Min Lot,,unmatched
1F Min Parking Spaces,,unmatched
1F Min Unit Size,,unmatched
1F Rear Setback,,unmatched
1F Side Setback,,unmatched
1F_FRONT,,unmatched
1F_FSET,,unmatched
1F_FSET_COND_ALT,,unmatched
1F_FTA,,unmatched
1F_FTA_COND_ALT,,unmatched
1F_HEIGHT,,unmatched
1F_HEIGHT_COND_ALT,,unmatched
1F_MAX_LOT_BLDG,,unmatched
1F_MAX_LOT_BLDG_COND_ALT,,unmatched
1F_MAX_LOT_IMP,,unmatched
1F_MAX_LOT_IMP_COND_ALT,,unmatched
1F_MIN_LOT,,unmatched
1F_MIN_LOT_COND_ALT,,unmatched
1F_MIN_UNIT,,unmatched
1F_MIN_UNIT_COND_ALT,,unmatched
1F_PARK,,unmatched
1F_PARK_COND_ALT,,unmatched
1F_RSET,,unmatched
1F_RSET_COND_ALT,,unmatched
1F_SSET,,unmatched
1F_SSET_COND_ALT,,unmatched
1F_STORIES,,unmatched
1F_STORIES_COND_ALT,,unmatched
2F Affordable Housing Only,,unmatched
2F Allowance,,unmatched
2F Elderly Housing Only,,unmatched
2F Floor to Area Ratio,,unmatched
2F Front Setback,,unmatched
2F Frontage,,unmatched
2F Max Density,,unmatched
2F Max Height,,unmatched
2F Max Lot Building Coverage,,unmatched
2F Max Lot Impervious Coverage,,unmatched
2F Max Stories,,unmatched
2F Min Lot Size,,unmatched
2F Min Parking Spaces per 1BR,,unmatched
2F Min Parking Spaces per mult BR,,unmatched
2F Min Unit Size,,unmatched
2F Rear Setback,,unmatched
2F Side Setback,,unmatched
2F_AFF,,unmatched
2F_ELD,,unmatched
2F_FRONT,,unmatched
2F_FSET,,unmatched
2F_FSET_COND_ALT,,unmatched
2F_FTA,,unmatched
2F_FTA_COND_ALT,,unmatched
2F_HEIGHT,,unmatched
2F_HEIGHT_COND_ALT,,unmatched
2F_MAX_DENS,,unmatched
2F_MAX_DENS_COND_ALT,,unmatched
2F_MAX_LOT_BLDG,,unmatched
2F_MAX_LOT_BLDG_COND_ALT,,unmatched
2F_MAX_LOT_IMP,,unmatched
2F_MAX_LOT_IMP_COND_ALT,,unmatched
2F_MIN_LOT,,unmatched
2F_MIN_LOT_COND_ALT,,unmatched
2F_MIN_UNIT,,unmatched
2F_MIN_UNIT_COND_ALT,,unmatched
2F_PARK_1BR,,unmatched
2F_PARK_1BR_COND_ALT,,unmatched
2F_PARK_2BR,,unmatched
2F_PARK_2BR_COND_ALT,,unmatched
2F_RSET,,unmatched
2F_RSET_COND_ALT,,unmatched
2F_SSET,,unmatched
2F_SSET_COND_ALT,,unmatched
2F_STORIES,,unmatched
2F_STORIES_COND_ALT,,unmatched
3F Affordable Housing Only,,unmatched
3F Allowance,,unmatched
3F Connection to Sewage/Water Required,,unmatched
3F Elderly Housing Only,,unmatched
3F Floor to Area Ratio,,unmatched
3F Front Setback,,unmatched
3F Frontage,,unmatched
3F Max Bedrooms,,unmatched
3F Max Density,,unmatched
3F Max Height,,unmatched
3F Max Lot Building Coverage,,unmatched
3F Max Lot Impervious Coverage,,unmatched
3F Max Stories,,unmatched
3F Min Lot Size,,unmatched
3F Min Parking Spaces per 1BR,,unmatched
3F Min Parking Spaces per mult BR,,unmatched
3F Min Unit Size,,unmatched
3F Proximity to Public Transit Required,,unmatched
3F Rear Setback,,unmatched
3F Side Setback,,unmatched
3F_AFF,,unmatched
3F_BEDROOMS,,unmatched
3F_BEDROOMS_COND_ALT,,unmatched
3F_CNXN_H2O,,unmatched
3F_CNXN_TRANSIT,,unmatched
3F_ELD,,unmatched
3F_FRONT,,unmatched
3F_FSET,,unmatched
3F_FSET_COND_ALT,,unmatched
3F_FTA,,unmatched
3F_FTA_COND_ALT,,unmatched
3F_HEIGHT,,unmatched
3F_HEIGHT_COND_ALT,,unmatched
3F_MAX_DENS,,unmatched
3F_MAX_DENS_COND_ALT,,unmatched
3F_MAX_LOT_BLDG,,unmatched
3F_MAX_LOT_BLDG_COND_ALT,,unmatched
3F_MAX_LOT_IMP,,unmatched
3F_MAX_LOT_IMP_COND_ALT,,unmatched
3F_MIN_LOT,,unmatched
3F_MIN_LOT_COND_ALT,,unmatched
3F_MIN_UNIT,,unmatched
3F_MIN_UNIT_COND_ALT,,unmatched
3F_PARK_1BR,,unmatched
3F_PARK_1BR_COND_ALT,,unmatched
3F_PARK_2BR,,unmatched
3F_PARK_2BR_COND_ALT,,unmatched
3F_RSET,,unmatched
3F_RSET_COND_ALT,,unmatched
3F_SSET,,unmatched
3F_SSET_COND_ALT,,unmatched
3F_STORIES,,unmatched
3F_STORIES_COND_ALT,,unmatched
4F Affordable Housing Only,,unmatched
4F Allowance,,unmatched
4F Connection to Sewage/Water Required,,unmatched
4F Elderly Housing Only,,unmatched
4F Floor to Area Ratio,,unmatched
4F Front Setback,,unmatched
4F Frontage,,unmatched
4F Max Bedrooms,,unmatched
4F Max Density,,unmatched
4F Max Height,,unmatched
4F Max Lot Building Coverage,,unmatched
4F Max Lot Impervious Coverage,,unmatched
4F Max Stories,,unmatched
4F Max Units per Building,,unmatched
4F Min Lot Size,,unmatched
4F Min Parking Spaces per  mult BR,,unmatched
4F Min Parking Spaces per 1BR,,unmatched
4F Min Unit Size,,unmatched
4F Proximity to Public Transit Required,,unmatched
4F Rear Setback,,unmatched
4F Side Setback,,unmatched
4F_AFF,,unmatched
4F_BEDROOMS,,unmatched
4F_BEDROOMS_COND_ALT,,unmatched
4F_CNXN_H2O,,unmatched
4F_CNXN_TRANSIT,,unmatched
4F_ELD,,unmatched
4F_FRONT,,unmatched
4F_FSET,,unmatched
4F_FSET_COND_ALT,,unmatched
4F_FTA,,unmatched
4F_FTA_COND_ALT,,unmatched
4F_HEIGHT,,unmatched
4F_HEIGHT_COND_ALT,,unmatched
4F_MAX_DENS,,unmatched
4F_MAX_DENS_COND_ALT,,unmatched
4F_MAX_LOT_BLDG,,unmatched
4F_MAX_LOT_BLDG_COND_ALT,,unmatched
4F_MAX_LOT_IMP,,unmatched
4F_MAX_LOT_IMP_COND_ALT,,unmatched
4F_MAX_UNIT,,unmatched
4F_MAX_UNIT_COND_ALT,,unmatched
4F_MIN_LOT,,unmatched
4F_MIN_LOT_COND_ALT,,unmatched
4F_MIN_UNIT,,unmatched
4F_MIN_UNIT_COND_ALT,,unmatched
4F_PARK_1BR,,unmatched
4F_PARK_1BR_COND_ALT,,unmatched
4F_PARK_2BR,,unmatched
4F_PARK_2BR_COND_ALT,,unmatched
4F_RSET,,unmatched
4F_RSET_COND_ALT,,unmatched
4F_SSET,,unmatched
4F_SSET_COND_ALT,,unmatched
4F_STORIES,,unmatched
4F_STORIES_COND_ALT,,unmatched
5F Affordable Housing Only,,unmatched
5F Allowance,,unmatched
5F Connection to Sewage/Water Required,,unmatched
5F Elderly Housing Only,,unmatched
5F Floor to Area Ratio,,unmatched
5F Front Setback,,unmatched
5F Frontage,,unmatched
5F Max  Lot Impervious Coverage,,unmatched
5F Max Bedrooms,,unmatched
5F Max Density,,unmatched
5F Max Height,,unmatched
5F Max Lot Building Coverage,,unmatched
5F Max Stories,,unmatched
5F Max Units per Building,,unmatched
5F Min Lot Size,,unmatched
5F Min Parking Spaces per 1BR,,unmatched
5F Min Parking Spaces per mult BR,,unmatched
5F Min Unit Size,,unmatched
5F Proximity to Public Transit Required,,unmatched
5F Rear Setback,,unmatched
5F Side Setback,,unmatched
5F_AFF,,unmatched
5F_BEDROOMS,,unmatched
5F_CNXN_H2O,,unmatched
5F_CNXN_TRANSIT,,unmatched
5F_ELD,,unmatched
5F_FEET,,unmatched
5F_FRONT,,unmatched
5F_FSET,,unmatched
5F_FTA,,unmatched
5F_MAX_DENS,,unmatched
5F_MAX_LOT_BLDG,,unmatched
5F_MAX_LOT_IMP,,unmatched
5F_MAX_UNIT,,unmatched
5F_MIN_LOT,,unmatched
5F_MIN_UNIT,,unmatched
5F_PARK_1BR,,unmatched
5F_PARK_2BR,,unmatched
5F_RSET,,unmatched
5F_SSET,,unmatched
5F_STORIES,,unmatched
ABB_DIST_NAME,,unmatched
ADUDP,,unmatched
ADU_BEDROOMS,,unmatched
ADU_BEDROOMS_COND_ALT,,unmatched
ADU_ELD,,unmatched
ADU_EMP_REQD,,unmatched
ADU_MAX_PCT,,unmatched
ADU_MAX_PCT_COND_ALT,,unmatched
ADU_MAX_SIZE,,unmatched
ADU_MAX_SIZE_COND_ALT,,unmatched
ADU_MIN_LOT,,unmatched
ADU_MIN_LOT_COND_ALT,,unmatched
ADU_OWNER_REQD,,unmatched
ADU_PARK,,unmatched
ADU_PARK_COND_ALT,,unmatched
ADU_PRIM_STRUC,,unmatched
ADU_RENTER_PROH,,unmatched
AFFDP,,unmatched
AFF_BEDROOMS,,unmatched
AFF_BEDROOMS_COND_ALT,,unmatched
AFF_CNXN_H2O,,unmatched
AFF_CNXN_TRANSIT,,unmatched
AFF_DEF,,unmatched
AFF_DIST,,unmatched
AFF_ELD_ONLY,,unmatched
AFF_MAX_DENS,,unmatched
AFF_MAX_DENS_COND_ALT,,unmatched
AFF_MAX_UNIT,,unmatched
AFF_MAX_UNIT_COND_ALT,,unmatched
AFF_MIN_LOT,,unmatched
AFF_MIN_LOT_COND_ALT,,unmatched
AFF_MIN_UNIT,,unmatched
AFF_MIN_UNIT_COND_ALT,,unmatched
AFF_PARK_1BR,,unmatched
AFF_PARK_1BR_COND_ALT,,unmatched
AFF_PARK_2BR,,unmatched
AFF_PARK_2BR_COND_ALT,,unmatched
Acres,,unmatched
Affordable Housing Definition,,unmatched
Affordable Housing Max Bedrooms,,unmatched
Affordable Housing Min Unit Size,,unmatched
Affordable_Housing_Definition,,unmatched
Affordable_Housing_Max_Bedrooms,,unmatched
Affordable_Housing_Min_Unit_Size,,unmatched
BASE_DENS,,unmatched
BYLAW_EFF,,unmatched
Bylaw Date,,unmatched
Bylaw_Date,,unmatched
CONDITIONAL 1F Floor to Area Ratio,,unmatched
CONDITIONAL 1F Front Setback,,unmatched
CONDITIONAL 1F Frontage,,unmatched
CONDITIONAL 1F Max Height,,unmatched
CONDITIONAL 1F Max Lot Building Coverage,,unmatched
CONDITIONAL 1F Max Lot Impervious Coverage,,unmatched
CONDITIONAL 1F Max Stories,,unmatched
CONDITIONAL 1F Min Lot,,unmatched
CONDITIONAL 1F Min Parking Spaces,,unmatched
CONDITIONAL 1F Min Unit Size,,unmatched
CONDITIONAL 1F Rear Setback,,unmatched
CONDITIONAL 1F Side Setback,,unmatched
CONDITIONAL 2F Affordable Housing Only,,unmatched
CONDITIONAL 2F Elderly Housing Only,,unmatched
CONDITIONAL 2F Floor to Area Ratio,,unmatched
CONDITIONAL 2F Front Setback,,unmatched
CONDITIONAL 2F Frontage,,unmatched
CONDITIONAL 2F Max Density,,unmatched
CONDITIONAL 2F Max Height,,unmatched
CONDITIONAL 2F Max Lot Building Coverage,,unmatched
CONDITIONAL 2F Max Lot Impervious Coverage,,unmatched
CONDITIONAL 2F Max Stories,,unmatched
CONDITIONAL 2F Min Lot Size,,unmatched
CONDITIONAL 2F Min Parking Spaces per 1BR,,unmatched
CONDITIONAL 2F Min Parking Spaces per mult BR,,unmatched
CONDITIONAL 2F Min Unit Size,,unmatched
CONDITIONAL 2F Rear Setback,,unmatched
CONDITIONAL 2F Side Setback,,unmatched
CONDITIONAL 3F Affordable Housing Only,,unmatched
CONDITIONAL 3F Connection to Sewage/Water Required,,unmatched
CONDITIONAL 3F Elderly Housing Only,,unmatched
CONDITIONAL 3F Floor to Area Ratio,,unmatched
CONDITIONAL 3F Front Setback,,unmatched
CONDITIONAL 3F Frontage,,unmatched
CONDITIONAL 3F Max Bedrooms,,unmatched
CONDITIONAL 3F Max Density,,unmatched
CONDITIONAL 3F Max Height,,unmatched
CONDITIONAL 3F Max Lot Building Coverage,,unmatched
CONDITIONAL 3F Max Lot Impervious Coverage,,unmatched
CONDITIONAL 3F Max Stories,,unmatched
CONDITIONAL 3F Min Lot Size,,unmatched
CONDITIONAL 3F Min Parking Spaces per 1BR,,unmatched
CONDITIONAL 3F Min Parking Spaces per mult BR,,unmatched
CONDITIONAL 3F Min Unit Size,,unmatched
CONDITIONAL 3F Proximity to Public Transit Required,,unmatched
CONDITIONAL 3F Rear Setback,,unmatched
CONDITIONAL 3F Side Setback,,unmatched
CONDITIONAL 4F Affordable Housing Only,,unmatched
CONDITIONAL 4F Connection to Sewage/Water Required,,unmatched
CONDITIONAL 4F Elderly Housing Only,,unmatched
CONDITIONAL 4F Floor to Area Ratio,,unmatched
CONDITIONAL 4F Front Setback,,unmatched
CONDITIONAL 4F Frontage,,unmatched
CONDITIONAL 4F Max Bedrooms,,unmatched
CONDITIONAL 4F Max Density,,unmatched
CONDITIONAL 4F Max Height,,unmatched
CONDITIONAL 4F Max Lot Building Coverage,,unmatched
CONDITIONAL 4F Max Lot Impervious Coverage,,unmatched
CONDITIONAL 4F Max Stories,,unmatched
CONDITIONAL 4F Max Units per Building,,unmatched
CONDITIONAL 4F Min Lot Size,,unmatched
CONDITIONAL 4F Min Parking Spaces per  mult BR,,unmatched
CONDITIONAL 4F Min Parking Spaces per 1BR,,unmatched
CONDITIONAL 4F Min Unit Size,,unmatched
CONDITIONAL 4F Proximity to Public Transit Required,,unmatched
CONDITIONAL 4F Rear Setback,,unmatched
CONDITIONAL 4F Side Setback,,unmatched
CONDITIONAL 5F Affordable Housing Only,,unmatched
CONDITIONAL 5F Connection to Sewage/Water Required,,unmatched
CONDITIONAL 5F Elderly Housing Only,,unmatched
CONDITIONAL 5F Floor to Area Ratio,,unmatched
CONDITIONAL 5F Front Setback,,unmatched
CONDITIONAL 5F Frontage,,unmatched
CONDITIONAL 5F Max  Lot Impervious Coverage,,unmatched
CONDITIONAL 5F Max Bedrooms,,unmatched
CONDITIONAL 5F Max Density,,unmatched
CONDITIONAL 5F Max Height,,unmatched
CONDITIONAL 5F Max Lot Building Coverage,,unmatched
CONDITIONAL 5F Max Stories,,unmatched
CONDITIONAL 5F Max Units per Building,,unmatched
CONDITIONAL 5F Min Lot Size,,unmatched
CONDITIONAL 5F Min Parking Spaces per 1BR,,unmatched
CONDITIONAL 5F Min Parking Spaces per mult BR,,unmatched
CONDITIONAL 5F Min Unit Size,,unmatched
CONDITIONAL 5F Proximity to Public Transit Required,,unmatched
CONDITIONAL 5F Rear Setback,,unmatched
CONDITIONAL 5F Side Setback,,unmatched
CONDITIONAL ADU Elderly Housing Only,,unmatched
CONDITIONAL ADU Employee or Family Occupancy Required,,unmatched
CONDITIONAL ADU Max Bedrooms,,unmatched
CONDITIONAL ADU Max Size as Percent of Primary Strcture,,unmatched
CONDITIONAL ADU Max Size in sq ft,,unmatched
CONDITIONAL ADU Min Lot Size,,unmatched
CONDITIONAL ADU Min Parking Spaces,,unmatched
CONDITIONAL ADU Owner Occupancy Required,,unmatched
CONDITIONAL ADU Renter Occupancy Prohibited,,unmatched
CONDITIONAL ADU Restricted to Primary Structure,,unmatched
CONDITIONAL Affordable Housing Definition,,unmatched
CONDITIONAL Affordable Housing Elderly Only,,unmatched
CONDITIONAL Affordable Housing Max Bedrooms,,unmatched
CONDITIONAL Affordable Housing Max Density,,unmatched
CONDITIONAL Affordable Housing Max Units per Building,,unmatched
CONDITIONAL Affordable Housing Min Lot Size,,unmatched
CONDITIONAL Affordable Housing Min Parking Spaces per 1BR,,unmatched
CONDITIONAL Affordable Housing Min Parking Spaces per mult BR,,unmatched
CONDITIONAL Affordable Housing Min Unit Size,,unmatched
CONDITIONAL PRD Max Density,,unmatched
CONDITIONAL PRD Max Units,,unmatched
CONDITIONAL PRD Min Lot Size,,unmatched
CONDITIONAL PRD Mobile or Manufactured Home Park,,unmatched
CONDITIONAL PUD Allowance,,unmatched
CONDITIONAL PUD Required with Subdivision,,unmatched
CONDITIONAL PUD Requires Land Conservation,,unmatched
CONDITIONAL PUD Threshold Number,,unmatched
CONDITIONAL_1F_Floor_to_Area_Ratio,,unmatched
CONDITIONAL_1F_Front_Setback,,unmatched
CONDITIONAL_1F_Frontage,,unmatched
CONDITIONAL_1F_Max_Height,,unmatched
CONDITIONAL_1F_Max_Lot_Building_Coverage,,unmatched
CONDITIONAL_1F_Max_Lot_Impervious_Coverage,,unmatched
CONDITIONAL_1F_Max_Stories,,unmatched
CONDITIONAL_1F_Min_Lot,,unmatched
CONDITIONAL_1F_Min_Parking_Spaces,,unmatched
CONDITIONAL_1F_Min_Unit_Size,,unmatched
CONDITIONAL_1F_Rear_Setback,,unmatched
CONDITIONAL_1F_Side_Setback,,unmatched
CONDITIONAL_2F_Affordable_Housing_Only,,unmatched
CONDITIONAL_2F_Elderly_Housing_Only,,unmatched
CONDITIONAL_2F_Floor_to_Area_Ratio,,unmatched
CONDITIONAL_2F_Front_Setback,,unmatched
CONDITIONAL_2F_Frontage,,unmatched
CONDITIONAL_2F_Max_Density,,unmatched
CONDITIONAL_2F_Max_Height,,unmatched
CONDITIONAL_2F_Max_Lot_Building_Coverage,,unmatched
CONDITIONAL_2F_Max_Lot_Impervious_Coverage,,unmatched
CONDITIONAL_2F_Max_Stories,,unmatched
CONDITIONAL_2F_Min_Lot_Size,,unmatched
CONDITIONAL_2F_Min_Parking_Spaces_per_1BR,,unmatched
CONDITIONAL_2F_Min_Parking_Spaces_per_mult_BR,,unmatched
CONDITIONAL_2F_Min_Unit_Size,,unmatched
CONDITIONAL_2F_Rear_Setback,,unmatched
CONDITIONAL_2F_Side_Setback,,unmatched
CONDITIONAL_3F_Affordable_Housing_Only,,unmatched
CONDITIONAL_3F_Connection_to_Sewage_Water_Required,,unmatched
CONDITIONAL_3F_Elderly_Housing_Only,,unmatched
CONDITIONAL_3F_Floor_to_Area_Ratio,,unmatched
CONDITIONAL_3F_Front_Setback,,unmatched
CONDITIONAL_3F_Frontage,,unmatched
CONDITIONAL_3F_Max_Bedrooms,,unmatched
CONDITIONAL_3F_Max_Density,,unmatched
CONDITIONAL_3F_Max_Height,,unmatched
CONDITIONAL_3F_Max_Lot_Building_Coverage,,unmatched
CONDITIONAL_3F_Max_Lot_Impervious_Coverage,,unmatched
CONDITIONAL_3F_Max_Stories,,unmatched
CONDITIONAL_3F_Min_Lot_Size,,unmatched
CONDITIONAL_3F_Min_Parking_Spaces_per_1BR,,unmatched
CONDITIONAL_3F_Min_Parking_Spaces_per_mult_BR,,unmatched
CONDITIONAL_3F_Min_Unit_Size,,unmatched
CONDITIONAL_3F_Proximity_to_Public_Transit_Required,,unmatched
CONDITIONAL_3F_Rear_Setback,,unmatched
CONDITIONAL_3F_Side_Setback,,unmatched
CONDITIONAL_4F_Affordable_Housing_Only,,unmatched
CONDITIONAL_4F_Connection_to_Sewage_Water_Required,,unmatched
CONDITIONAL_4F_Elderly_Housing_Only,,unmatched
CONDITIONAL_4F_Floor_to_Area_Ratio,,unmatched
CONDITIONAL_4F_Front_Setback,,unmatched
CONDITIONAL_4F_Frontage,,unmatched
CONDITIONAL_4F_Max_Bedrooms,,unmatched
CONDITIONAL_4F_Max_Density,,unmatched
CONDITIONAL_4F_Max_Height,,unmatched
CONDITIONAL_4F_Max_Lot_Building_Coverage,,unmatched
CONDITIONAL_4F_Max_Lot_Impervious_Coverage,,unmatched
CONDITIONAL_4F_Max_Stories,,unmatched
CONDITIONAL_4F_Max_Units_per_Building,,unmatched
CONDITIONAL_4F_Min_Lot_Size,,unmatched
CONDITIONAL_4F_Min_Parking_Spaces_per_1BR,,unmatched
CONDITIONAL_4F_Min_Parking_Spaces_per__mult_BR,,unmatched
CONDITIONAL_4F_Min_Unit_Size,,unmatched
CONDITIONAL_4F_Proximity_to_Public_Transit_Required,,unmatched
CONDITIONAL_4F_Rear_Setback,,unmatched
CONDITIONAL_4F_Side_Setback,,unmatched
CONDITIONAL_5F_Affordable_Housing_Only,,unmatched
CONDITIONAL_5F_Connection_to_Sewage_Water_Required,,unmatched
CONDITIONAL_5F_Elderly_Housing_Only,,unmatched
CONDITIONAL_5F_Floor_to_Area_Ratio,,unmatched
CONDITIONAL_5F_Front_Setback,,unmatched
CONDITIONAL_5F_Frontage,,unmatched
CONDITIONAL_5F_Max_Bedrooms,,unmatched
CONDITIONAL_5F_Max_Density,,unmatched
CONDITIONAL_5F_Max_Height,,unmatched
CONDITIONAL_5F_Max_Lot_Building_Coverage,,unmatched
CONDITIONAL_5F_Max_Stories,,unmatched
CONDITIONAL_5F_Max_Units_per_Building,,unmatched
CONDITIONAL_5F_Max__Lot_Impervious_Coverage,,unmatched
CONDITIONAL_5F_Min_Lot_Size,,unmatched
CONDITIONAL_5F_Min_Parking_Spaces_per_1BR,,unmatched
CONDITIONAL_5F_Min_Parking_Spaces_per_mult_BR,,unmatched
CONDITIONAL_5F_Min_Unit_Size,,unmatched
CONDITIONAL_5F_Proximity_to_Public_Transit_Required,,unmatched
CONDITIONAL_5F_Rear_Setback,,unmatched
CONDITIONAL_5F_Side_Setback,,unmatched
CONDITIONAL_ADU_Elderly_Housing_Only,,unmatched
CONDITIONAL_ADU_Employee_or_Family_Occupancy_Required,,unmatched
CONDITIONAL_ADU_Max_Bedrooms,,unmatched
CONDITIONAL_ADU_Max_Size_as_Percent_of_Primary_Strcture,,unmatched
CONDITIONAL_ADU_Max_Size_in_sq_ft,,unmatched
CONDITIONAL_ADU_Min_Lot_Size,,unmatched
CONDITIONAL_ADU_Min_Parking_Spaces,,unmatched
CONDITIONAL_ADU_Owner_Occupancy_Required,,unmatched
CONDITIONAL_ADU_Renter_Occupancy_Prohibited,,unmatched
CONDITIONAL_ADU_Restricted_to_Primary_Structure,,unmatched
CONDITIONAL_Affordable_Housing_Definition,,unmatched
CONDITIONAL_Affordable_Housing_Elderly_Only,,unmatched
CONDITIONAL_Affordable_Housing_Max_Bedrooms,,unmatched
CONDITIONAL_Affordable_Housing_Max_Density,,unmatched
CONDITIONAL_Affordable_Housing_Max_Units_per_Building,,unmatched
CONDITIONAL_Affordable_Housing_Min_Lot_Size,,unmatched
CONDITIONAL_Affordable_Housing_Min_Parking_Spaces_per_1BR,,unmatched
CONDITIONAL_Affordable_Housing_Min_Parking_Spaces_per_mult_BR,,unmatched
CONDITIONAL_Affordable_Housing_Min_Unit_Size,,unmatched
CONDITIONAL_PRD_Max_Density,,unmatched
CONDITIONAL_PRD_Max_Units,,unmatched
CONDITIONAL_PRD_Min_Lot_Size,,unmatched
CONDITIONAL_PRD_Mobile_or_Manufactured_Home_Park,,unmatched
CONDITIONAL_PUD_Allowance,,unmatched
CONDITIONAL_PUD_Required_with_Subdivision,,unmatched
CONDITIONAL_PUD_Requires_Land_Conservation,,unmatched
CONDITIONAL_PUD_Threshold_Number,,unmatched
DISTRICT,,unmatched
DIST_MAP,,unmatched
DIST_TYPE,,unmatched
ELD_DIST,,unmatched
Extinct District,,unmatched
Extinct_District,,unmatched
F1FDP,,unmatched
F1F_FRONT,,unmatched
F1F_FSET,,unmatched
F1F_FSET_COND_ALT,,unmatched
F1F_FTA,,unmatched
F1F_FTA_COND_ALT,,unmatched
F1F_Floor_to_Area_Ratio,,unmatched
F1F_HEIGHT,,unmatched
F1F_HEIGHT_COND_ALT,,unmatched
F1F_MAX_LOT_BLDG,,unmatched
F1F_MAX_LOT_BLDG_COND_ALT,,unmatched
F1F_MAX_LOT_IMP,,unmatched
F1F_MAX_LOT_IMP_COND_ALT,,unmatched
F1F_MIN_LOT_COND_ALT,,unmatched
F1F_MIN_UNIT,,unmatched
F1F_MIN_UNIT_COND_ALT,,unmatched
F1F_Min_Unit_Size,,unmatched
F1F_PARK,,unmatched
F1F_PARK_COND_ALT,,unmatched
F1F_RSET,,unmatched
F1F_RSET_COND_ALT,,unmatched
F1F_SSET,,unmatched
F1F_SSET_COND_ALT,,unmatched
F1F_STORIES,,unmatched
F1F_STORIES_COND_ALT,,unmatched
F2FDP,,unmatched
F2F_AFF,,unmatched
F2F_ELD,,unmatched
F2F_FRONT,,unmatched
F2F_FSET,,unmatched
F2F_FSET_COND_ALT,,unmatched
F2F_FTA,,unmatched
F2F_FTA_COND_ALT,,unmatched
F2F_Floor_to_Area_Ratio,,unmatched
F2F_HEIGHT,,unmatched
F2F_HEIGHT_COND_ALT,,unmatched
F2F_MAX_DENS,,unmatched
F2F_MAX_DENS_COND_ALT,,unmatched
F2F_MAX_LOT_BLDG,,unmatched
F2F_MAX_LOT_BLDG_COND_ALT,,unmatched
F2F_MAX_LOT_IMP,,unmatched
F2F_MAX_LOT_IMP_COND_ALT,,unmatched
F2F_MIN_LOT,,unmatched
F2F_MIN_LOT_COND_ALT,,unmatched
F2F_MIN_UNIT,,unmatched
F2F_MIN_UNIT_COND_ALT,,unmatched
F2F_Min_Unit_Size,,unmatched
F2F_PARK_1BR,,unmatched
F2F_PARK_1BR_COND_ALT,,unmatched
F2F_PARK_2BR,,unmatched
F2F_PARK_2BR_COND_ALT,,unmatched
F2F_RSET,,unmatched
F2F_RSET_COND_ALT,,unmatched
F2F_SSET,,unmatched
F2F_SSET_COND_ALT,,unmatched
F2F_STORIES,,unmatched
F2F_STORIES_COND_ALT,,unmatched
F3FDP,,unmatched
F3F_AFF,,unmatched
F3F_BEDROOMS,,unmatched
F3F_BEDROOMS_COND_ALT,,unmatched
F3F_CNXN_H2O,,unmatched
F3F_CNXN_TRANSIT,,unmatched
F3F_ELD,,unmatched
F3F_FRONT,,unmatched
F3F_FSET,,unmatched
F3F_FSET_COND_ALT,,unmatched
F3F_FTA,,unmatched
F3F_FTA_COND_ALT,,unmatched
F3F_Floor_to_Area_Ratio,,unmatched
F3F_HEIGHT,,unmatched
F3F_HEIGHT_COND_ALT,,unmatched
F3F_MAX_DENS,,unmatched
F3F_MAX_DENS_COND_ALT,,unmatched
F3F_MAX_LOT_BLDG,,unmatched
F3F_MAX_LOT_BLDG_COND_ALT,,unmatched
F3F_MAX_LOT_IMP,,unmatched
F3F_MAX_LOT_IMP_COND_ALT,,unmatched
F3F_MIN_LOT,,unmatched
F3F_MIN_LOT_COND_ALT,,unmatched
F3F_MIN_UNIT,,unmatched
F3F_MIN_UNIT_COND_ALT,,unmatched
F3F_Max_Bedrooms,,unmatched
F3F_Min_Unit_Size,,unmatched
F3F_PARK_1BR,,unmatched
F3F_PARK_1BR_COND_ALT,,unmatched
F3F_PARK_2BR,,unmatched
F3F_PARK_2BR_COND_ALT,,unmatched
F3F_RSET,,unmatched
F3F_RSET_COND_ALT,,unmatched
F3F_SSET,,unmatched
F3F_SSET_COND_ALT,,unmatched
F3F_STORIES,,unmatched
F3F_STORIES_COND_ALT,,unmatched
F4FDP,,unmatched
F4F_AFF,,unmatched
F4F_BEDROOMS,,unmatched
F4F_BEDROOMS_COND_ALT,,unmatched
F4F_CNXN_H2O,,unmatched
F4F_CNXN_TRANSIT,,unmatched
F4F_ELD,,unmatched
F4F_FRONT,,unmatched
F4F_FSET,,unmatched
F4F_FSET_COND_ALT,,unmatched
F4F_FTA,,unmatched
F4F_FTA_COND_ALT,,unmatched
F4F_Floor_to_Area_Ratio,,unmatched
F4F_HEIGHT,,unmatched
F4F_HEIGHT_COND_ALT,,unmatched
F4F_MAX_DENS,,unmatched
F4F_MAX_DENS_COND_ALT,,unmatched
F4F_MAX_LOT_BLDG,,unmatched
F4F_MAX_LOT_BLDG_COND_ALT,,unmatched
F4F_MAX_LOT_IMP,,unmatched
F4F_MAX_LOT_IMP_COND_ALT,,unmatched
F4F_MAX_UNIT,,unmatched
F4F_MAX_UNIT_COND_ALT,,unmatched
F4F_MIN_LOT,,unmatched
F4F_MIN_LOT_COND_ALT,,unmatched
F4F_MIN_UNIT,,unmatched
F4F_MIN_UNIT_COND_ALT,,unmatched
F4F_Max_Bedrooms,,unmatched
F4F_Max_Units_per_Building,,unmatched
F4F_Min_Unit_Size,,unmatched
F4F_PARK_1BR,,unmatched
F4F_PARK_1BR_COND_ALT,,unmatched
F4F_PARK_2BR,,unmatched
F4F_PARK_2BR_COND_ALT,,unmatched
F4F_RSET,,unmatched
F4F_RSET_COND_ALT,,unmatched
F4F_SSET,,unmatched
F4F_SSET_COND_ALT,,unmatched
F4F_STORIES,,unmatched
F4F_STORIES_COND_ALT,,unmatched
F5F_AFF,,unmatched
F5F_Affordable_Housing_Only,,unmatched
F5F_Allowance,,unmatched
F5F_BEDROOMS,,unmatched
F5F_CNXN_H2O,,unmatched
F5F_CNXN_TRANSIT,,unmatched
F5F_Connection_to_Sewage_Water_Required,,unmatched
F5F_ELD,,unmatched
F5F_Elderly_Housing_Only,,unmatched
F5F_FEET,,unmatched
F5F_FRONT,,unmatched
F5F_FSET,,unmatched
F5F_FTA,,unmatched
F5F_Floor_to_Area_Ratio,,unmatched
F5F_Front_Setback,,unmatched
F5F_Frontage,,unmatched
F5F_MAX_DENS,,unmatched
F5F_MAX_LOT_BLDG,,unmatched
F5F_MAX_LOT_IMP,,unmatched
F5F_MAX_UNIT,,unmatched
F5F_MIN_LOT,,unmatched
F5F_MIN_UNIT,,unmatched
F5F_Max_Bedrooms,,unmatched
F5F_Max_Density,,unmatched
F5F_Max_Height,,unmatched
F5F_Max_Lot_Building_Coverage,,unmatched
F5F_Max_Stories,,unmatched
F5F_Max_Units_per_Building,,unmatched
F5F_Max__Lot_Impervious_Coverage,,unmatched
F5F_Min_Lot_Size,,unmatched
F5F_Min_Parking_Spaces_per_1BR,,unmatched
F5F_Min_Parking_Spaces_per_mult_BR,,unmatched
F5F_Min_Unit_Size,,unmatched
F5F_PARK_1BR,,unmatched
F5F_PARK_2BR,,unmatched
F5F_Proximity_to_Public_Transit_Required,,unmatched
F5F_RSET,,unmatched
F5F_Rear_Setback,,unmatched
F5F_SSET,,unmatched
F5F_STORIES,,unmatched
F5F_Side_Setback,,unmatched
FID_1,,unmatched
GIS_ID,,unmatched
Jurisdiction_County,,unmatched
LAST_UPDATE,,unmatched
NOTE,,unmatched
OBJECTID,,unmatched
OVER,,unmatched
Overlay District,,unmatched
Overlay_District,,unmatched
PARENT_JXTN,,unmatched
PRDDP,,unmatched
PRD_MAX_DENS,,unmatched
PRD_MAX_DENS_COND_ALT,,unmatched
PRD_MAX_UNIT,,unmatched
PRD_MAX_UNIT_COND_ALT,,unmatched
PRD_MHP,,unmatched
PRD_MIN_LOT,,unmatched
PRD_MIN_LOT_COND_ALT,,unmatched
PUD_ALLOW,,unmatched
PUD_CONSERVE,,unmatched
PUD_SUBDV,,unmatched
PUD_THRESH,,unmatched
RPC,,unmatched
SPNOTES,,unmatched
Shape_Area,,unmatched
Shape_Length,,unmatched
Shape__Are,,unmatched
Shape__Len,,unmatched
TTIPNOTES,,unmatched
Version,,unmatched
