Field Name (alias is same),,
OBJECTID_1,,
OBJECTID_12,,
Jurisdiction_District_Name,,
County,,
Jurisdiction ,,
Abbreviated_District_Name,,
District_Name,,
District_Mapped,,
District_Type,,
Affordable_Housing_District,,
Elderly_Housing_District,,
F1F_Allowance,,
F2F_Allowance,,
F3F_Allowance,,
F4F_Allowance,,
ADU_Allowance,,
Affordable_Housing_Allowance,,
PRD_Allowance,,
NOTES,,
F1F_Min_Lot,,
F1F_Front_Setback,,
F1F_Side_Setback,,
F1F_Rear_Setback,,
F1F_Frontage,,
F1F_Max_Lot_Building_Coverage,,
F1F_Max_Lot_Impervious_Coverage,,
F1F_Min_Parking_Spaces,,
F1F_Max_Stories,,
F1F_Max_Height,,
F2F_Affordable_Housing_Only,,
F2F_Elderly_Housing_Only,,
F2F_Min_Lot_Size,,
F2F_Max_Density,,
F2F_Front_Setback,,
F2F_Side_Setback,,
F2F_Rear_Setback,,
F2F_Frontage,,
F2F_Max_Lot_Building_Coverage,,
F2F_Max_Lot_Impervious_Coverage,,
F2F_Min_Parking_Spaces_per_1BR,,
F2F_Min_Parking_Spaces_per_mult_BR,,
F2F_Max_Stories,,
F2F_Max_Height,,
F3F_Affordable_Housing_Only,,
F3F_Elderly_Housing_Only,,
F3F_Min_Lot_Size,,
F3F_Max_Density,,
F3F_Front_Setback,,
F3F_Side_Setback,,
F3F_Rear_Setback,,
F3F_Frontage,,
F3F_Max_Lot_Building_Coverage,,
F3F_Max_Lot_Impervious_Coverage,,
F3F_Min_Parking_Spaces_per_1BR,,
F3F_Min_Parking_Spaces_per_mult_BR,,
F3F_Connection_to_Sewage/Water_Required,,
F3F_Proximity_to_Public_Transit_Required,,
F3F_Max_Stories,,
F3F_Max_Height,,
F4F_Affordable_Housing_Only,,
F4F_Elderly_Housing_Only,,
F4F_Min_Lot_Size,,
F4F_Max_Density,,
F4F_Front_Setback,,
F4F_Side_Setback,,
F4F_Rear_Setback,,
F4F_Frontage,,
F4F_Max_Lot_Building_Coverage,,
F4F_Max_Lot_Impervious_Coverage,,
F4F_Min_Parking_Spaces_per_1BR,,
F4F_Min_Parking_Spaces_per_mult_BR,,
F4F_Connection_to_Sewage/Water_Required,,
F4F_Proximity_to_Public_Transit_Required,,
F4F_Max_Stories,,
F4F_Max_Height,,
Affordable_Housing_Elderly_Only,,
Affordable_Housing_Min_Lot_Size,,
Affordable_Housing_Max_Density,,
Affordable_Housing_Min_Parking_Spaces_per_1BR,,
Affordable_Housing_Min_Parking_Spaces_per_mult_BR,,
Affordable_Housing_Max_Units_per_Building,,
ADU_Employee_or_Family_Occupancy_Required,,
ADU_Renter_Occupancy_Prohibited,,
ADU_Owner_Occupancy_Required,,
ADU_Elderly_Housing_Only,,
ADU_Min_Lot_Size,,
ADU_Min_Parking_Spaces,,
ADU_Restricted_to_Primary_Structure,,
ADU_Max_Size_as_Percent_of_Primary_Strcture,,
ADU_Max_Size_in_sq_ft,,
ADU_Max_Bedrooms,,
PRD_Mobile_or_Manufactured_Home_Park,,
PRD_Min_Lot_Size,,
PRD_Max_Density,,
PRD_Max_Units,,
PUD_Required_with_Subdivision,,
PUD_Threshold_Number,,
PUD_Allowance,,
PUD_Requires_Land_Conservation,,
Base_Density,,
,,
,,
,,
,,
,,
