target_field,source_field_1,source_field_2,file,feature_index,value_source_1,value_source_2,values_differ,note
F1F_Side_Setback,1F Side Setback,2F Side Setback,Washington_Northfield_rev.geojson,1,10,10,NO,
F1F_Side_Setback,1F Side Setback,2F Side Setback,Washington_Northfield_rev.geojson,2,10,10,NO,
F1F_Side_Setback,1F Side Setback,2F Side Setback,Washington_Northfield_rev.geojson,3,10,10,NO,
F1F_Side_Setback,1F Side Setback,2F Side Setback,Washington_Northfield_rev.geojson,4,25,25,NO,
F1F_Side_Setback,1F Side Setback,2F Side Setback,Washington_Northfield_rev.geojson,5,10,10,NO,
F1F_Side_Setback,1F Side Setback,2F Side Setback,Washington_Northfield_rev.geojson,6,10,10,NO,
F1F_Side_Setback,1F Side Setback,2F Side Setback,Washington_Northfield_rev.geojson,7,10,10,NO,
F1F_Side_Setback,1F Side Setback,2F Side Setback,Windsor_WoodstockVillage_rev.geojson,1,,,NO,
F1F_Side_Setback,1F Side Setback,2F Side Setback,Windsor_WoodstockVillage_rev.geojson,2,15,15,NO,
F1F_Side_Setback,1F Side Setback,2F Side Setback,Windsor_WoodstockVillage_rev.geojson,3,,,NO,
F1F_Side_Setback,1F Side Setback,2F Side Setback,Windsor_WoodstockVillage_rev.geojson,4,,,NO,
F1F_Side_Setback,1F Side Setback,2F Side Setback,Windsor_WoodstockVillage_rev.geojson,5,25,25,NO,
F1F_Side_Setback,1F Side Setback,2F Side Setback,Windsor_WoodstockVillage_rev.geojson,6,15,15,NO,
F1F_Side_Setback,1F Side Setback,2F Side Setback,Windsor_WoodstockVillage_rev.geojson,7,15,15,NO,
F1F_Side_Setback,1F Side Setback,2F Side Setback,Windsor_WoodstockVillage_rev.geojson,8,15,15,NO,
F1F_Side_Setback,1F Side Setback,2F Side Setback,Windsor_WoodstockVillage_rev.geojson,9,15,15,NO,
F1F_Side_Setback,1F Side Setback,2F Side Setback,Windsor_WoodstockVillage_rev.geojson,10,25,25,NO,
F1F_Side_Setback,1F Side Setback,2F Side Setback,Windsor_WoodstockVillage_rev.geojson,11,25,25,NO,
F1F_Side_Setback,1F Side Setback,2F Side Setback,Windsor_WoodstockVillage_rev.geojson,12,15,15,NO,
F1F_Side_Setback,1F Side Setback,2F Side Setback,Windsor_WoodstockVillage_rev.geojson,13,,,NO,
Jurisdiction_District_Name,Jurisdiction,Jurisdiction District Name,Washington_Northfield_rev.geojson,1,Northfield ,Northfield High Density Residential District,YES,
Jurisdiction_District_Name,Jurisdiction,Jurisdiction District Name,Washington_Northfield_rev.geojson,2,Northfield ,Northfield Industrial District,YES,
Jurisdiction_District_Name,Jurisdiction,Jurisdiction District Name,Washington_Northfield_rev.geojson,3,Northfield ,Northfield Institutional District,YES,
Jurisdiction_District_Name,Jurisdiction,Jurisdiction District Name,Washington_Northfield_rev.geojson,4,Northfield ,Northfield Low Density Residential District,YES,
Jurisdiction_District_Name,Jurisdiction,Jurisdiction District Name,Washington_Northfield_rev.geojson,5,Northfield ,Northfield Medium Density Residential District,YES,
Jurisdiction_District_Name,Jurisdiction,Jurisdiction District Name,Washington_Northfield_rev.geojson,6,Northfield ,Northfield Mixed Use District,YES,
Jurisdiction_District_Name,Jurisdiction,Jurisdiction District Name,Washington_Northfield_rev.geojson,7,Northfield ,Northfield Village District,YES,
Jurisdiction_District_Name,Jurisdiction,Jurisdiction District Name,Windsor_WoodstockVillage_rev.geojson,1,Woodstock Village ,Woodstock Village Central Commercial,YES,
Jurisdiction_District_Name,Jurisdiction,Jurisdiction District Name,Windsor_WoodstockVillage_rev.geojson,2,Woodstock Village ,Woodstock Village Commercial/Light Industrial,YES,
Jurisdiction_District_Name,Jurisdiction,Jurisdiction District Name,Windsor_WoodstockVillage_rev.geojson,3,Woodstock Village ,Woodstock Village Community,YES,
Jurisdiction_District_Name,Jurisdiction,Jurisdiction District Name,Windsor_WoodstockVillage_rev.geojson,4,Woodstock Village ,Woodstock Village Design Review District,YES,
Jurisdiction_District_Name,Jurisdiction,Jurisdiction District Name,Windsor_WoodstockVillage_rev.geojson,5,Woodstock Village ,Woodstock Village Inn,YES,
Jurisdiction_District_Name,Jurisdiction,Jurisdiction District Name,Windsor_WoodstockVillage_rev.geojson,6,Woodstock Village ,Woodstock Village Light Commercial,YES,
Jurisdiction_District_Name,Jurisdiction,Jurisdiction District Name,Windsor_WoodstockVillage_rev.geojson,7,Woodstock Village ,Woodstock Village Residential High Density,YES,
Jurisdiction_District_Name,Jurisdiction,Jurisdiction District Name,Windsor_WoodstockVillage_rev.geojson,8,Woodstock Village ,Woodstock Village Residential Low Desnity,YES,
Jurisdiction_District_Name,Jurisdiction,Jurisdiction District Name,Windsor_WoodstockVillage_rev.geojson,9,Woodstock Village ,Woodstock Village Residential Medium Density,YES,
Jurisdiction_District_Name,Jurisdiction,Jurisdiction District Name,Windsor_WoodstockVillage_rev.geojson,10,Woodstock Village ,Woodstock Village Residential One Acre,YES,
Jurisdiction_District_Name,Jurisdiction,Jurisdiction District Name,Windsor_WoodstockVillage_rev.geojson,11,Woodstock Village ,Woodstock Village Residential Three Acre,YES,
Jurisdiction_District_Name,Jurisdiction,Jurisdiction District Name,Windsor_WoodstockVillage_rev.geojson,12,Woodstock Village ,Woodstock Village Residential/Office,YES,
Jurisdiction_District_Name,Jurisdiction,Jurisdiction District Name,Windsor_WoodstockVillage_rev.geojson,13,Woodstock Village ,Woodstock Village Scenic Ridgeline District,YES,
Notes,SPNOTES,TTIPNOTES,Addison_Bristol_rev.geojson,1,,,NO,both empty
Notes,SPNOTES,TTIPNOTES,Addison_Bristol_rev.geojson,2,,Preexisting homes allowed.  No new housing permitted,YES,"TTIPNOTES has data, SPNOTES empty"
Notes,SPNOTES,TTIPNOTES,Addison_Bristol_rev.geojson,3,,,NO,both empty
Notes,SPNOTES,TTIPNOTES,Addison_Bristol_rev.geojson,4,,,NO,both empty
Notes,SPNOTES,TTIPNOTES,Addison_Bristol_rev.geojson,5,,,NO,both empty
Notes,SPNOTES,TTIPNOTES,Addison_Bristol_rev.geojson,6,,,NO,both empty
Notes,SPNOTES,TTIPNOTES,Addison_Bristol_rev.geojson,7,,,NO,both empty
Notes,SPNOTES,TTIPNOTES,Addison_Bristol_rev.geojson,8,,,NO,both empty
Notes,SPNOTES,TTIPNOTES,Addison_Bristol_rev.geojson,9,Common non-res use?,,YES,"SPNOTES has data, TTIPNOTES empty"
Notes,SPNOTES,TTIPNOTES,Addison_Bristol_rev.geojson,10,,,NO,both empty
Notes,SPNOTES,TTIPNOTES,Addison_Bristol_rev.geojson,11,,,NO,both empty
Notes,SPNOTES,TTIPNOTES,Addison_Bristol_rev.geojson,12,,,NO,both empty
Notes,SPNOTES,TTIPNOTES,Addison_Bristol_rev.geojson,13,,,NO,both empty
Notes,SPNOTES,TTIPNOTES,Addison_Ferrisburgh_rev.geojson,1,,,NO,both empty
Notes,SPNOTES,TTIPNOTES,Addison_Ferrisburgh_rev.geojson,2,,,NO,both empty
Notes,SPNOTES,TTIPNOTES,Addison_Ferrisburgh_rev.geojson,3,,,NO,both empty
Notes,SPNOTES,TTIPNOTES,Addison_Ferrisburgh_rev.geojson,4,,,NO,both empty
Notes,SPNOTES,TTIPNOTES,Addison_Ferrisburgh_rev.geojson,5,,,NO,both empty
Notes,SPNOTES,TTIPNOTES,Addison_Ferrisburgh_rev.geojson,6,,,NO,both empty
Notes,SPNOTES,TTIPNOTES,Addison_Ferrisburgh_rev.geojson,7,,,NO,both empty
Notes,SPNOTES,TTIPNOTES,Addison_Ferrisburgh_rev.geojson,8,,,NO,both empty
Notes,SPNOTES,TTIPNOTES,Addison_Leicester_rev.geojson,1,,Minimum lot depth 200ft.,YES,"TTIPNOTES has data, SPNOTES empty"
Notes,SPNOTES,TTIPNOTES,Addison_Leicester_rev.geojson,2,,"Minimum lot depth 200ft. Maximum building size 10,000 sf. Maximum lot coverage is 25% and no more than 50% of any acre.",YES,"TTIPNOTES has data, SPNOTES empty"
Notes,SPNOTES,TTIPNOTES,Addison_Leicester_rev.geojson,3,,"State permit required for clearing land or creating impervious surfaces within 250ft of mean high water level. 
Minimum lot depth 200ft.",YES,"TTIPNOTES has data, SPNOTES empty"
Notes,SPNOTES,TTIPNOTES,Addison_Leicester_rev.geojson,4,,Minimum lot depth 200ft,YES,"TTIPNOTES has data, SPNOTES empty"
Notes,SPNOTES,TTIPNOTES,Addison_Leicester_rev.geojson,5,,Minimum lot depth 200ft.,YES,"TTIPNOTES has data, SPNOTES empty"
Notes,SPNOTES,TTIPNOTES,Addison_Leicester_rev.geojson,6,,"Minimum lot depth 200ft. Maximum building size 10,000 ft. For all treatments, max lot coverage of buildings and impervious surfaces not to exceed 50% of any acre in addition to 25% total lot coverage.",YES,"TTIPNOTES has data, SPNOTES empty"
Notes,SPNOTES,TTIPNOTES,Addison_Leicester_rev.geojson,7,,Minimum lot depth 200 ft. Max ADU size is whichever standard is larger. Density bonus of 2:1 available for PUDs.,YES,"TTIPNOTES has data, SPNOTES empty"
Notes,SPNOTES,TTIPNOTES,Addison_Lincoln_rev.geojson,1,I'd love for someone to double check my interpretation of these laws! ,All development of new structures is subject to conditional use review depending on risks posed by the proposed development.,YES,BOTH HAVE DATA
Notes,SPNOTES,TTIPNOTES,Addison_Lincoln_rev.geojson,2,Unclear whether or not multifamily homes are allowed in this district. The question has been flagged for when we seek Zoning Administrator approval.,"Structures greater than 3,500sf are subject to conditional use review. Homes must be set back 25ft from all streams.",YES,BOTH HAVE DATA
Notes,SPNOTES,TTIPNOTES,Addison_Lincoln_rev.geojson,3,,"Encompasses the area 25ft from the banks of all streams and 35ft from the banks downstream of where the stream's watershed is greater than 10 square miles. The intent of the overlay layer is to preserve river habitats and prevent erosion. In some places, the overlay layer may extend beyond the 25 foot no-development buffer, at which point additional regulations are placed on development.",YES,"TTIPNOTES has data, SPNOTES empty"
Notes,SPNOTES,TTIPNOTES,Addison_Lincoln_rev.geojson,4,,"Dwellings larger than 3,500 sf are subject to conditional use review. Dwellings must be setback 25 ft from all streams. Overall growth in Lincoln is limited on an annual basis (see Article 11 Section 201).",YES,"TTIPNOTES has data, SPNOTES empty"
Notes,SPNOTES,TTIPNOTES,Addison_Lincoln_rev.geojson,5,,"The planning commission may reduce minimum lot size, number of units, and setbacks for PUDs, with a maximum density bonus for single family homes of 1 unit per 0.75 acres.",YES,"TTIPNOTES has data, SPNOTES empty"
Notes,SPNOTES,TTIPNOTES,Addison_Lincoln_rev.geojson,6,,"This overlay layer applies to the entire town of Lincoln. Provisions are not prohibitive of development, but encourage thoughtful siting to preserve communal viewsheds. ",YES,"TTIPNOTES has data, SPNOTES empty"
Notes,SPNOTES,TTIPNOTES,Addison_NewHaven_rev04012024.geojson,1,"I'd love a second pair of eyes on this one, too! I'm not sure if the PUD & mobile house uses are correct.

BH - This is a conservation district primarily, so PUDs and mobile home parks are unlikely.  I changed the ADU to permitted/conditional the same as other districts.",,YES,"SPNOTES has data, TTIPNOTES empty"
Notes,SPNOTES,TTIPNOTES,Addison_NewHaven_rev04012024.geojson,2,,Minimum lot depth 400ft. Flood Hazard Area Map based off a combination of FEMA maps.,YES,"TTIPNOTES has data, SPNOTES empty"
Notes,SPNOTES,TTIPNOTES,Addison_NewHaven_rev04012024.geojson,3,,Minimum lot depth 200ft.,YES,"TTIPNOTES has data, SPNOTES empty"
Notes,SPNOTES,TTIPNOTES,Addison_NewHaven_rev04012024.geojson,4,"Flagging for review. This is a nonresidential district, but nothing prohibits PUDs and mobile home parks in this district...

BH - this is definitely an industrial district with only industrial and some commercial activities allowed.  mobile homes are residential and PUDs have residential as well.  I think it's correct the way you have it coded.",,YES,"SPNOTES has data, TTIPNOTES empty"
Notes,SPNOTES,TTIPNOTES,Addison_NewHaven_rev04012024.geojson,5,,Minimum lot depth 200ft.,YES,"TTIPNOTES has data, SPNOTES empty"
Notes,SPNOTES,TTIPNOTES,Addison_NewHaven_rev04012024.geojson,6,,Minimum lot depth 700ft.,YES,"TTIPNOTES has data, SPNOTES empty"
Notes,SPNOTES,TTIPNOTES,Addison_NewHaven_rev04012024.geojson,7,,Minimum lot depth 200ft.,YES,"TTIPNOTES has data, SPNOTES empty"
Notes,SPNOTES,TTIPNOTES,Addison_NewHaven_rev04012024.geojson,8,,Minimum lot depth 500ft.,YES,"TTIPNOTES has data, SPNOTES empty"
Notes,SPNOTES,TTIPNOTES,Addison_Salisbury_rev.geojson,1,,Minimum lot depth 300'.,YES,"TTIPNOTES has data, SPNOTES empty"
Notes,SPNOTES,TTIPNOTES,Addison_Salisbury_rev.geojson,2,,"Minimum lot depth 400'. Maximum building size 10,000 sf.",YES,"TTIPNOTES has data, SPNOTES empty"
Notes,SPNOTES,TTIPNOTES,Addison_Salisbury_rev.geojson,3,,"This district is comprised of ""Zone A"" areas on sheets 5, 10, 15, and 20 of the FEMA FIRMs from November 1 1985.",YES,"TTIPNOTES has data, SPNOTES empty"
Notes,SPNOTES,TTIPNOTES,Addison_Salisbury_rev.geojson,4,,Minimum lot depth 400'.,YES,"TTIPNOTES has data, SPNOTES empty"
Notes,SPNOTES,TTIPNOTES,Addison_Salisbury_rev.geojson,5,"Because the setbacks are dependent on road type, you can select from the ""Units/Special"" drop-down menu for each setback ""Contextual"" and keep the Notes as it.

Are all the setback dependent or only the front setback? YB
Only the front setback! GS

","Minimum lot depth: 125ft.
ADU size limit is whichever is larger.",YES,BOTH HAVE DATA
Notes,SPNOTES,TTIPNOTES,Addison_Salisbury_rev.geojson,6,"Which setbacks are dependent on road type? All rear/front/side setbacks for all treatments? And what is the context for 25 ft - anything that is not a public road, private road, or Route 7? YB","Minimum lot depth: 200ft.
ADU size limit is whichever is larger.
PUDs in the 'Plains' subdistrict may qualify for a 2:1 density bonus.",YES,BOTH HAVE DATA
Notes,SPNOTES,TTIPNOTES,Addison_Salisbury_rev.geojson,7,This information has been approved by the Salisbury zoning administrator.,Lake Shore 1 consists of the area from mean high water outward for 150ft. There is a minimum lot depth of 200ft. C=Land clearing or the creation of any impervious surfaces within 250ft of the mean high water line requires a permit.,YES,BOTH HAVE DATA
Notes,SPNOTES,TTIPNOTES,Addison_Salisbury_rev.geojson,8,,"Lake Shore 2 surrounds Lake Shore 1, extending between 500-950 ft depending on the location. Land clearing or creating of impervious surfaces within 250' of the mean high water line requires a permit. The minimum lot depth is 200ft.",YES,"TTIPNOTES has data, SPNOTES empty"
Notes,SPNOTES,TTIPNOTES,Addison_Salisbury_rev.geojson,9,,"Minimum lot depth: 200 ft.
ADU size limit is whichever is larger. 
PUDs that qualify as affordable housing are eligible for a 2:1 density bonus for affordable housing PUD.",YES,"TTIPNOTES has data, SPNOTES empty"
Notes,SPNOTES,TTIPNOTES,Bennington_OldBennington_rev.geojson,1,,,NO,both empty
Notes,SPNOTES,TTIPNOTES,Bennington_Rupert_rev.geojson,1,,,NO,both empty
Notes,SPNOTES,TTIPNOTES,Bennington_Rupert_rev.geojson,2,,FCO seeks to preserve productive forestland by limiting development and fragmentation. The overlay prohibits new year-round residential development except for pre-existing lots entirely in the FCO which are allowed 1 year round single-family home. ,YES,"TTIPNOTES has data, SPNOTES empty"
Notes,SPNOTES,TTIPNOTES,Bennington_Rupert_rev.geojson,3,,,NO,both empty
Notes,SPNOTES,TTIPNOTES,Bennington_Rupert_rev.geojson,4,,,NO,both empty
Notes,SPNOTES,TTIPNOTES,Bennington_Rupert_rev.geojson,5,,,NO,both empty
Notes,SPNOTES,TTIPNOTES,Bennington_Rupert_rev.geojson,6,,,NO,both empty
Notes,SPNOTES,TTIPNOTES,Bennington_Rupert_rev.geojson,7,,,NO,both empty
Notes,SPNOTES,TTIPNOTES,Bennington_Rupert_rev.geojson,8,,,NO,both empty
Notes,SPNOTES,TTIPNOTES,Bennington_Rupert_rev.geojson,9,,,NO,both empty
Notes,SPNOTES,TTIPNOTES,Bennington_Shaftsbury_rev.geojson,1,,,NO,both empty
Notes,SPNOTES,TTIPNOTES,Bennington_Shaftsbury_rev.geojson,2,,,NO,both empty
Notes,SPNOTES,TTIPNOTES,Bennington_Shaftsbury_rev.geojson,3,,,NO,both empty
Notes,SPNOTES,TTIPNOTES,Bennington_Shaftsbury_rev.geojson,4,,,NO,both empty
Notes,SPNOTES,TTIPNOTES,Bennington_Shaftsbury_rev.geojson,5,,,NO,both empty
Notes,SPNOTES,TTIPNOTES,Bennington_Shaftsbury_rev.geojson,6,,,NO,both empty
Notes,SPNOTES,TTIPNOTES,Bennington_Shaftsbury_rev.geojson,7,,,NO,both empty
Notes,SPNOTES,TTIPNOTES,Bennington_Shaftsbury_rev.geojson,8,,Frontage is for lots on public highways.,YES,"TTIPNOTES has data, SPNOTES empty"
Notes,SPNOTES,TTIPNOTES,Bennington_Shaftsbury_rev.geojson,9,,"Little info in the bylaws, this overlay is supposed to represent the area that recreational facilities in rural districts can be accessed through via a vehicle.",YES,"TTIPNOTES has data, SPNOTES empty"
Notes,SPNOTES,TTIPNOTES,Bennington_Shaftsbury_rev.geojson,10,,Frontage for lots with public right of way.,YES,"TTIPNOTES has data, SPNOTES empty"
Notes,SPNOTES,TTIPNOTES,Bennington_Shaftsbury_rev.geojson,11,,Frontage Minimum only provided for lots on highways. Dimensional info based on if the Unit is connected to public water; if the unit is not: Min lot size = 0.46 acres; Max building coverage = 30%,YES,"TTIPNOTES has data, SPNOTES empty"
Notes,SPNOTES,TTIPNOTES,Chittenden_Charlotte_rev.geojson,1,,"Inclusionary Zoning Unit Threshold: No min. # units, but at least 75% must be affordable, except for duplexes, where 1 of 2 units must be affordable",YES,"TTIPNOTES has data, SPNOTES empty"
Notes,SPNOTES,TTIPNOTES,Chittenden_Charlotte_rev.geojson,2,"PRDs and all other residential treatments are prohibited, but mobile homes are okay?",,YES,"SPNOTES has data, TTIPNOTES empty"
Notes,SPNOTES,TTIPNOTES,Chittenden_Charlotte_rev.geojson,3,,"Inclusionary Zoning Unit Threshold: No min. # units, but at least 75% must be affordable, except for duplexes, where 1 of 2 units must be affordable",YES,"TTIPNOTES has data, SPNOTES empty"
Notes,SPNOTES,TTIPNOTES,Chittenden_Charlotte_rev.geojson,4,"PRDs and all residential treatments are prohibited, but mobile homes are allowed?",,YES,"SPNOTES has data, TTIPNOTES empty"
Notes,SPNOTES,TTIPNOTES,Chittenden_Charlotte_rev.geojson,5,"PRDs are prohibited, but mobile homes are allowed?",,YES,"SPNOTES has data, TTIPNOTES empty"
Notes,SPNOTES,TTIPNOTES,Chittenden_Charlotte_rev.geojson,6,,,NO,both empty
Notes,SPNOTES,TTIPNOTES,Chittenden_Charlotte_rev.geojson,7,,,NO,both empty
Notes,SPNOTES,TTIPNOTES,Chittenden_Charlotte_rev.geojson,8,,,NO,both empty
Notes,SPNOTES,TTIPNOTES,Chittenden_Charlotte_rev.geojson,9,"What does ""75 & contextual"" mean?

PRDs are prohibited, but mobile homes are allowed?","Inclusionary Zoning Unit Threshold: No min. # units, but at least 75% must be affordable, except for duplexes, where 1 of 2 units must be affordable",YES,BOTH HAVE DATA
Notes,SPNOTES,TTIPNOTES,Chittenden_Charlotte_rev.geojson,10,,,NO,both empty
Notes,SPNOTES,TTIPNOTES,Chittenden_Colchester_rev.geojson,1,,,NO,both empty
Notes,SPNOTES,TTIPNOTES,Chittenden_Colchester_rev.geojson,2,,,NO,both empty
Notes,SPNOTES,TTIPNOTES,Chittenden_Colchester_rev.geojson,3,,,NO,both empty
Notes,SPNOTES,TTIPNOTES,Chittenden_Colchester_rev.geojson,4,,,NO,both empty
Notes,SPNOTES,TTIPNOTES,Chittenden_Colchester_rev.geojson,5,,,NO,both empty
Notes,SPNOTES,TTIPNOTES,Chittenden_Colchester_rev.geojson,6,,,NO,both empty
Notes,SPNOTES,TTIPNOTES,Chittenden_Colchester_rev.geojson,7,,,NO,both empty
Notes,SPNOTES,TTIPNOTES,Chittenden_Colchester_rev.geojson,8,Form Based Code,,YES,"SPNOTES has data, TTIPNOTES empty"
Notes,SPNOTES,TTIPNOTES,Chittenden_Colchester_rev.geojson,9,,,NO,both empty
Notes,SPNOTES,TTIPNOTES,Chittenden_Colchester_rev.geojson,10,,,NO,both empty
Notes,SPNOTES,TTIPNOTES,Chittenden_Colchester_rev.geojson,11,,,NO,both empty
Notes,SPNOTES,TTIPNOTES,Chittenden_Colchester_rev.geojson,12,,,NO,both empty
Notes,SPNOTES,TTIPNOTES,Chittenden_Colchester_rev.geojson,13,,,NO,both empty
Notes,SPNOTES,TTIPNOTES,Chittenden_Colchester_rev.geojson,14,,,NO,both empty
Notes,SPNOTES,TTIPNOTES,Chittenden_Colchester_rev.geojson,15,,,NO,both empty
Notes,SPNOTES,TTIPNOTES,Chittenden_Colchester_rev.geojson,16,,Density= 1.01 and Min Lot Size= 0.92/DU with on-site septic,YES,"TTIPNOTES has data, SPNOTES empty"
Notes,SPNOTES,TTIPNOTES,Chittenden_Colchester_rev.geojson,17,,,NO,both empty
Notes,SPNOTES,TTIPNOTES,Chittenden_Colchester_rev.geojson,18,,Density= 2.17 and Min Lot Size= 0.46/DU with on-site Septic,YES,"TTIPNOTES has data, SPNOTES empty"
Notes,SPNOTES,TTIPNOTES,Chittenden_Colchester_rev.geojson,19,,Density= 2.91 and Min Lot Size= 0.34/DU with on-site Septic,YES,"TTIPNOTES has data, SPNOTES empty"
Notes,SPNOTES,TTIPNOTES,Chittenden_Colchester_rev.geojson,20,,,NO,both empty
Notes,SPNOTES,TTIPNOTES,Chittenden_Essex_rev.geojson,1,,,NO,both empty
Notes,SPNOTES,TTIPNOTES,Chittenden_Essex_rev.geojson,2,,,NO,both empty
Notes,SPNOTES,TTIPNOTES,Chittenden_Essex_rev.geojson,3,,,NO,both empty
Notes,SPNOTES,TTIPNOTES,Chittenden_Essex_rev.geojson,4,,,NO,both empty
Notes,SPNOTES,TTIPNOTES,Chittenden_Essex_rev.geojson,5,,,NO,both empty
Notes,SPNOTES,TTIPNOTES,Chittenden_Essex_rev.geojson,6,,,NO,both empty
Notes,SPNOTES,TTIPNOTES,Chittenden_Essex_rev.geojson,7,,,NO,both empty
Notes,SPNOTES,TTIPNOTES,Chittenden_Essex_rev.geojson,8,,,NO,both empty
Notes,SPNOTES,TTIPNOTES,Chittenden_Essex_rev.geojson,9,,,NO,both empty
Notes,SPNOTES,TTIPNOTES,Chittenden_Essex_rev.geojson,10,,,NO,both empty
Notes,SPNOTES,TTIPNOTES,Chittenden_Essex_rev.geojson,11,,,NO,both empty
Notes,SPNOTES,TTIPNOTES,Chittenden_Essex_rev.geojson,12,,,NO,both empty
Notes,SPNOTES,TTIPNOTES,Chittenden_Essex_rev.geojson,13,,,NO,both empty
Notes,SPNOTES,TTIPNOTES,Chittenden_Essex_rev.geojson,14,,,NO,both empty
Notes,SPNOTES,TTIPNOTES,Chittenden_Essex_rev.geojson,15,,,NO,both empty
Notes,SPNOTES,TTIPNOTES,Chittenden_Essex_rev.geojson,16,,,NO,both empty
Notes,SPNOTES,TTIPNOTES,Chittenden_Jericho_rev.geojson,1,,,NO,both empty
Notes,SPNOTES,TTIPNOTES,Chittenden_Jericho_rev.geojson,2,,,NO,both empty
Notes,SPNOTES,TTIPNOTES,Chittenden_Jericho_rev.geojson,3,,,NO,both empty
Notes,SPNOTES,TTIPNOTES,Chittenden_Jericho_rev.geojson,4,,,NO,both empty
Notes,SPNOTES,TTIPNOTES,Chittenden_Jericho_rev.geojson,5,,,NO,both empty
Notes,SPNOTES,TTIPNOTES,Chittenden_Jericho_rev.geojson,6,,,NO,both empty
Notes,SPNOTES,TTIPNOTES,Chittenden_Jericho_rev.geojson,7,,,NO,both empty
Notes,SPNOTES,TTIPNOTES,Chittenden_Jericho_rev.geojson,8,,"ADUs, PRDs, and Affordable Housing follow base district rules.",YES,"TTIPNOTES has data, SPNOTES empty"
Notes,SPNOTES,TTIPNOTES,Chittenden_Jericho_rev.geojson,9,,,NO,both empty
Notes,SPNOTES,TTIPNOTES,Chittenden_Jericho_rev.geojson,10,,,NO,both empty
Notes,SPNOTES,TTIPNOTES,Chittenden_Jericho_rev.geojson,11,,,NO,both empty
Notes,SPNOTES,TTIPNOTES,Chittenden_Jericho_rev.geojson,12,,,NO,both empty
Notes,SPNOTES,TTIPNOTES,Chittenden_Jericho_rev.geojson,13,,,NO,both empty
Notes,SPNOTES,TTIPNOTES,Chittenden_Jericho_rev.geojson,14,,,NO,both empty
Notes,SPNOTES,TTIPNOTES,Chittenden_Milton_rev.geojson,1,,,NO,both empty
Notes,SPNOTES,TTIPNOTES,Chittenden_Milton_rev.geojson,2,,,NO,both empty
Notes,SPNOTES,TTIPNOTES,Chittenden_Milton_rev.geojson,3,,,NO,both empty
Notes,SPNOTES,TTIPNOTES,Chittenden_Milton_rev.geojson,4,,,NO,both empty
Notes,SPNOTES,TTIPNOTES,Chittenden_Milton_rev.geojson,5,,,NO,both empty
Notes,SPNOTES,TTIPNOTES,Chittenden_Milton_rev.geojson,6,,,NO,both empty
Notes,SPNOTES,TTIPNOTES,Chittenden_Milton_rev.geojson,7,,,NO,both empty
Notes,SPNOTES,TTIPNOTES,Chittenden_Milton_rev.geojson,8,,,NO,both empty
Notes,SPNOTES,TTIPNOTES,Chittenden_Milton_rev.geojson,9,,,NO,both empty
Notes,SPNOTES,TTIPNOTES,Chittenden_Milton_rev.geojson,10,,,NO,both empty
Notes,SPNOTES,TTIPNOTES,Chittenden_Milton_rev.geojson,11,,,NO,both empty
Notes,SPNOTES,TTIPNOTES,Chittenden_Milton_rev.geojson,12,,,NO,both empty
Notes,SPNOTES,TTIPNOTES,Chittenden_Milton_rev.geojson,13,,,NO,both empty
Notes,SPNOTES,TTIPNOTES,Chittenden_Milton_rev.geojson,14,,,NO,both empty
Notes,SPNOTES,TTIPNOTES,Chittenden_Milton_rev.geojson,15,,,NO,both empty
Notes,SPNOTES,TTIPNOTES,Chittenden_Milton_rev.geojson,16,,,NO,both empty
Notes,SPNOTES,TTIPNOTES,Chittenden_Milton_rev.geojson,17,,,NO,both empty
Notes,SPNOTES,TTIPNOTES,Chittenden_Milton_rev.geojson,18,,,NO,both empty
Notes,SPNOTES,TTIPNOTES,Chittenden_Milton_rev.geojson,19,,,NO,both empty
Notes,SPNOTES,TTIPNOTES,Chittenden_Milton_rev.geojson,20,,,NO,both empty
Notes,SPNOTES,TTIPNOTES,Chittenden_Milton_rev.geojson,21,,,NO,both empty
Notes,SPNOTES,TTIPNOTES,Chittenden_Milton_rev.geojson,22,,,NO,both empty
Notes,SPNOTES,TTIPNOTES,Chittenden_Shelburne_rev.geojson,1,,,NO,both empty
Notes,SPNOTES,TTIPNOTES,Chittenden_Shelburne_rev.geojson,2,,,NO,both empty
Notes,SPNOTES,TTIPNOTES,Chittenden_Shelburne_rev.geojson,3,,,NO,both empty
Notes,SPNOTES,TTIPNOTES,Chittenden_Shelburne_rev.geojson,4,,,NO,both empty
Notes,SPNOTES,TTIPNOTES,Chittenden_Shelburne_rev.geojson,5,,,NO,both empty
Notes,SPNOTES,TTIPNOTES,Chittenden_Shelburne_rev.geojson,6,,Minimum lot size for 5+ family is 0.23/dwelling unit.,YES,"TTIPNOTES has data, SPNOTES empty"
Notes,SPNOTES,TTIPNOTES,Chittenden_Shelburne_rev.geojson,7,,,NO,both empty
Notes,SPNOTES,TTIPNOTES,Chittenden_Shelburne_rev.geojson,8,,PRD assumes rules of base district.,YES,"TTIPNOTES has data, SPNOTES empty"
Notes,SPNOTES,TTIPNOTES,Chittenden_Shelburne_rev.geojson,9,,,NO,both empty
Notes,SPNOTES,TTIPNOTES,Chittenden_Shelburne_rev.geojson,10,,,NO,both empty
Notes,SPNOTES,TTIPNOTES,Chittenden_Shelburne_rev.geojson,11,,Minimum lot size for 5+ family treatment is 0.23/dwelling unit.,YES,"TTIPNOTES has data, SPNOTES empty"
Notes,SPNOTES,TTIPNOTES,Chittenden_Shelburne_rev.geojson,12,,"Form based code is currently optional in this overlay district.
ADUs and PRDs assume rules of base district.",YES,"TTIPNOTES has data, SPNOTES empty"
Notes,SPNOTES,TTIPNOTES,Chittenden_Shelburne_rev.geojson,13,ADUs and PRDs assume rules of base district.,Requires special stormwater permit.,YES,BOTH HAVE DATA
Notes,SPNOTES,TTIPNOTES,Chittenden_Shelburne_rev.geojson,14,,Minimum lot size for 5+ family treatments is 0.172 acres/dwelling unit.,YES,"TTIPNOTES has data, SPNOTES empty"
Notes,SPNOTES,TTIPNOTES,Chittenden_Shelburne_rev.geojson,15,,PRDs assume rules of base district. All treatments require public hearing but otherwise assume rules of base district.,YES,"TTIPNOTES has data, SPNOTES empty"
Notes,SPNOTES,TTIPNOTES,Chittenden_Shelburne_rev.geojson,16,,"District requires site plans to be reviewed by Shelburne Historic Preservation and Design Review Commission, which creates recommendations to be considered by the design review board.
PRDs assume rules of base district and require site plan review as described above.",YES,"TTIPNOTES has data, SPNOTES empty"
Notes,SPNOTES,TTIPNOTES,Chittenden_Shelburne_rev.geojson,17,,,NO,both empty
Notes,SPNOTES,TTIPNOTES,Chittenden_Underhill_rev.geojson,1,,,NO,both empty
Notes,SPNOTES,TTIPNOTES,Chittenden_Underhill_rev.geojson,2,,,NO,both empty
Notes,SPNOTES,TTIPNOTES,Chittenden_Underhill_rev.geojson,3,,,NO,both empty
Notes,SPNOTES,TTIPNOTES,Chittenden_Underhill_rev.geojson,4,,,NO,both empty
Notes,SPNOTES,TTIPNOTES,Chittenden_Underhill_rev.geojson,5,,,NO,both empty
Notes,SPNOTES,TTIPNOTES,Chittenden_Underhill_rev.geojson,6,,,NO,both empty
Notes,SPNOTES,TTIPNOTES,Chittenden_Underhill_rev.geojson,7,,,NO,both empty
Notes,SPNOTES,TTIPNOTES,Chittenden_Williston_rev.geojson,1,,"All residential density limits apply on slopes of less than 15%
Setbacks from rear or side property lines (not roadways) 15 ft or reduced by average setback exception
ADU prohibited if majority of primary unit is in a watershed protection buffer ",YES,"TTIPNOTES has data, SPNOTES empty"
Notes,SPNOTES,TTIPNOTES,Chittenden_Williston_rev.geojson,2,,All treatments: All front/rear/side setbacks from the lot line shared with pre-existing row house lots of any residential lots outside of Taft Corners. Rear setback also from town center.,YES,"TTIPNOTES has data, SPNOTES empty"
Notes,SPNOTES,TTIPNOTES,Chittenden_Williston_rev.geojson,3,,,NO,both empty
Notes,SPNOTES,TTIPNOTES,Chittenden_Williston_rev.geojson,4,,Average Setback Exception: The DRB may allow the setback required along a local road to be reduced to the average existing setback. The average existing setback will be determined by the Administrator by averaging the existing setback on all properties that are along the same street and within 300 feet of the lot where a reduction is proposed. A reduction shall be permitted only where the reduced setback is sufficient to permit for the construction of a sidewalk or a multi-use path. ,YES,"TTIPNOTES has data, SPNOTES empty"
Notes,SPNOTES,TTIPNOTES,Chittenden_Williston_rev.geojson,5,,,NO,both empty
Notes,SPNOTES,TTIPNOTES,Chittenden_Williston_rev.geojson,6,,,NO,both empty
Notes,SPNOTES,TTIPNOTES,Chittenden_Williston_rev.geojson,7,,,NO,both empty
Notes,SPNOTES,TTIPNOTES,Chittenden_Williston_rev.geojson,8,,Base residential density on slopes <15%: 3.0; minimum 30% affordable housing: 5.0,YES,"TTIPNOTES has data, SPNOTES empty"
Notes,SPNOTES,TTIPNOTES,Chittenden_Williston_rev.geojson,9,,Side setback also requires 5' strollable neighborhood frontage from one side.,YES,"TTIPNOTES has data, SPNOTES empty"
Notes,SPNOTES,TTIPNOTES,Chittenden_Williston_rev.geojson,10,,Maximum density on slopes of <15% unless stated otherwise.,YES,"TTIPNOTES has data, SPNOTES empty"
Notes,SPNOTES,TTIPNOTES,Franklin_Bakersfield_rev.geojson,1,,New principal structures prohibited,YES,"TTIPNOTES has data, SPNOTES empty"
Notes,SPNOTES,TTIPNOTES,Franklin_Bakersfield_rev.geojson,2,,,NO,both empty
Notes,SPNOTES,TTIPNOTES,Franklin_Bakersfield_rev.geojson,3,,"""Uses in the flood hazards areas shall be restricted to agriculture, conservation and outdoor recreation.""",YES,"TTIPNOTES has data, SPNOTES empty"
Notes,SPNOTES,TTIPNOTES,Franklin_Bakersfield_rev.geojson,4,,,NO,both empty
Notes,SPNOTES,TTIPNOTES,Franklin_Bakersfield_rev.geojson,5,,,NO,both empty
Notes,SPNOTES,TTIPNOTES,Franklin_Bakersfield_rev.geojson,6,,,NO,both empty
Notes,SPNOTES,TTIPNOTES,Franklin_Fletcher_rev.geojson,1,,"Single Family dwellings on lots that have received approval under current regulations by the Development Review Board are permitted uses. All other single family dwellings (e.g., dwellings on pre-existing lots as of the effective date of the current regulations) are conditional uses.",YES,"TTIPNOTES has data, SPNOTES empty"
Notes,SPNOTES,TTIPNOTES,Franklin_Fletcher_rev.geojson,2,,New structures prohibited. Substantial improvements require a public hearing.,YES,"TTIPNOTES has data, SPNOTES empty"
Notes,SPNOTES,TTIPNOTES,Franklin_Fletcher_rev.geojson,3,,,NO,both empty
Notes,SPNOTES,TTIPNOTES,Franklin_Fletcher_rev.geojson,4,,New multi-family structures are prohibited. Multi-family conversion of existing structure requires a public hearing. ,YES,"TTIPNOTES has data, SPNOTES empty"
Notes,SPNOTES,TTIPNOTES,Franklin_Fletcher_rev.geojson,5,,,NO,both empty
Notes,SPNOTES,TTIPNOTES,Franklin_Fletcher_rev.geojson,6,,,NO,both empty
Notes,SPNOTES,TTIPNOTES,Franklin_Georgia_rev.geojson,1,,"5 acres required for senior housing up to 4 units. 0.5 additional acre required for each additional senior housing unit over 4.
Only 1 parking space required per unit for senior housing.",YES,"TTIPNOTES has data, SPNOTES empty"
Notes,SPNOTES,TTIPNOTES,Franklin_Georgia_rev.geojson,2,,"4 acres for multi-tenant senior housing up to 4 units and ¼ acre for each additional unit of senior housing.
Only 1 parking space per unit required for senior housing.",YES,"TTIPNOTES has data, SPNOTES empty"
Notes,SPNOTES,TTIPNOTES,Franklin_Georgia_rev.geojson,3,,"2 acres required for senior housing up to 4 units. 0.5 additional acre for each additional senior housing unit over 4.
1 parking space required per unit of senior housing.",YES,"TTIPNOTES has data, SPNOTES empty"
Notes,SPNOTES,TTIPNOTES,Franklin_Georgia_rev.geojson,4,"2 acres required for senior housing up to 4 units. 0.5 additional acre for each additional senior housing unit over 4.
1 parking space required per unit of senior housing.",,YES,"SPNOTES has data, TTIPNOTES empty"
Notes,SPNOTES,TTIPNOTES,Franklin_Georgia_rev.geojson,5,,,NO,both empty
Notes,SPNOTES,TTIPNOTES,Franklin_Georgia_rev.geojson,6,,,NO,both empty
Notes,SPNOTES,TTIPNOTES,Franklin_Georgia_rev.geojson,7,,,NO,both empty
Notes,SPNOTES,TTIPNOTES,Franklin_Georgia_rev.geojson,8,,,NO,both empty
Notes,SPNOTES,TTIPNOTES,Franklin_Georgia_rev.geojson,9,,,NO,both empty
Notes,SPNOTES,TTIPNOTES,Franklin_Georgia_rev.geojson,10,,,NO,both empty
Notes,SPNOTES,TTIPNOTES,Franklin_Georgia_rev.geojson,11,,,NO,both empty
Notes,SPNOTES,TTIPNOTES,Franklin_Georgia_rev.geojson,12,,"Minimum building height is 2-3 stories. Buildings cannot exceed a 20,000 sq.ft footprint.
1- to 4-unit residential is only permitted on the second story of a mixed-use structure. 5+ unit residential requires public hearing, except for senior housing which is permitted as-of-right.
1 parking space required per unit for senior housing.",YES,"TTIPNOTES has data, SPNOTES empty"
Notes,SPNOTES,TTIPNOTES,Franklin_Montgomery_rev.geojson,1,,,NO,both empty
Notes,SPNOTES,TTIPNOTES,Franklin_Montgomery_rev.geojson,2,,,NO,both empty
Notes,SPNOTES,TTIPNOTES,Franklin_Montgomery_rev.geojson,3,,"New principal structures prohibited. Substantial improvements to existing structures must go through Hazard Area Review, which includes a public hearing.",YES,"TTIPNOTES has data, SPNOTES empty"
Notes,SPNOTES,TTIPNOTES,Franklin_Montgomery_rev.geojson,4,,,NO,both empty
Notes,SPNOTES,TTIPNOTES,Franklin_Montgomery_rev.geojson,5,,"New principal structures and substantial improvements must go through Hazard Area Review, which requires a public hearing.",YES,"TTIPNOTES has data, SPNOTES empty"
Notes,SPNOTES,TTIPNOTES,Franklin_Montgomery_rev.geojson,6,,,NO,both empty
Notes,SPNOTES,TTIPNOTES,Franklin_Montgomery_rev.geojson,7,,,NO,both empty
Notes,SPNOTES,TTIPNOTES,Franklin_Richford_rev.geojson,1,,,NO,both empty
Notes,SPNOTES,TTIPNOTES,Franklin_Richford_rev.geojson,2,,,NO,both empty
Notes,SPNOTES,TTIPNOTES,Franklin_Richford_rev.geojson,3,,,NO,both empty
Notes,SPNOTES,TTIPNOTES,Franklin_Richford_rev.geojson,4,,,NO,both empty
Notes,SPNOTES,TTIPNOTES,Franklin_Richford_rev.geojson,5,,New residential structures prohibited. Substantial improvements to existing structures must go through Flood Hazard Area Development Review.,YES,"TTIPNOTES has data, SPNOTES empty"
Notes,SPNOTES,TTIPNOTES,Franklin_Richford_rev.geojson,6,,,NO,both empty
Notes,SPNOTES,TTIPNOTES,Franklin_Richford_rev.geojson,7,,,NO,both empty
Notes,SPNOTES,TTIPNOTES,Franklin_Richford_rev.geojson,8,,,NO,both empty
Notes,SPNOTES,TTIPNOTES,Franklin_Richford_rev.geojson,9,,,NO,both empty
Notes,SPNOTES,TTIPNOTES,Franklin_Richford_rev.geojson,10,,The only allowed uses are Seasonal Residential and Natural Resource Extraction.,YES,"TTIPNOTES has data, SPNOTES empty"
Notes,SPNOTES,TTIPNOTES,Franklin_SaintAlbansCity_rev.geojson,1,,"Public Hearing required if dwelling units are located on first floor or at density higher than 2,000 sq.ft. of lot space per dwelling unit.",YES,"TTIPNOTES has data, SPNOTES empty"
Notes,SPNOTES,TTIPNOTES,Franklin_SaintAlbansCity_rev.geojson,2,,Public hearing required for 3- and 4-unit housing if lot area is less than 0.17 acres per unit. Public hearing required for all 5+ unit housing.,YES,"TTIPNOTES has data, SPNOTES empty"
Notes,SPNOTES,TTIPNOTES,Franklin_SaintAlbansCity_rev.geojson,3,,,NO,both empty
Notes,SPNOTES,TTIPNOTES,Franklin_SaintAlbansCity_rev.geojson,4,,,NO,both empty
Notes,SPNOTES,TTIPNOTES,Franklin_SaintAlbansCity_rev.geojson,5,,Public hearing required for 3- and 4-unit housing if lot area is less than 0.17 acres per unit. Public hearing required for all 5+ unit housing.,YES,"TTIPNOTES has data, SPNOTES empty"
Notes,SPNOTES,TTIPNOTES,Franklin_SaintAlbansCity_rev.geojson,6,,,NO,both empty
Notes,SPNOTES,TTIPNOTES,Franklin_SaintAlbansCity_rev.geojson,7,,Minimum of 10 units per building. Public hearing required.,YES,"TTIPNOTES has data, SPNOTES empty"
Notes,SPNOTES,TTIPNOTES,Franklin_SaintAlbansCity_rev.geojson,8,,,NO,both empty
Notes,SPNOTES,TTIPNOTES,Franklin_SaintAlbansCity_rev.geojson,9,,Public hearing required for 3- and 4-unit housing if lot area is less than 0.17 acres per unit. Public hearing required for all 5+ unit housing.,YES,"TTIPNOTES has data, SPNOTES empty"
Notes,SPNOTES,TTIPNOTES,Franklin_SaintAlbansCity_rev.geojson,10,,,NO,both empty
Notes,SPNOTES,TTIPNOTES,Franklin_SaintAlbansTown_rev.geojson,1,,,NO,both empty
Notes,SPNOTES,TTIPNOTES,Franklin_SaintAlbansTown_rev.geojson,2,,,NO,both empty
Notes,SPNOTES,TTIPNOTES,Franklin_SaintAlbansTown_rev.geojson,3,,Multi-unit residential over 4 units requires public hearing.,YES,"TTIPNOTES has data, SPNOTES empty"
Notes,SPNOTES,TTIPNOTES,Franklin_SaintAlbansTown_rev.geojson,4,,,NO,both empty
Notes,SPNOTES,TTIPNOTES,Franklin_SaintAlbansTown_rev.geojson,5,,,NO,both empty
Notes,SPNOTES,TTIPNOTES,Franklin_SaintAlbansTown_rev.geojson,6,,,NO,both empty
Notes,SPNOTES,TTIPNOTES,Franklin_SaintAlbansTown_rev.geojson,7,,,NO,both empty
Notes,SPNOTES,TTIPNOTES,Franklin_SaintAlbansTown_rev.geojson,8,,,NO,both empty
Notes,SPNOTES,TTIPNOTES,Franklin_SaintAlbansTown_rev.geojson,9,,Multi-unit residential over 4 units requires Public Hearing.,YES,"TTIPNOTES has data, SPNOTES empty"
Notes,SPNOTES,TTIPNOTES,Franklin_SaintAlbansTown_rev.geojson,10,,Multiunit housing over 4 units requires Public Hearing.,YES,"TTIPNOTES has data, SPNOTES empty"
Notes,SPNOTES,TTIPNOTES,Franklin_Sheldon_rev.geojson,1,,,NO,both empty
Notes,SPNOTES,TTIPNOTES,Franklin_Sheldon_rev.geojson,2,,,NO,both empty
Notes,SPNOTES,TTIPNOTES,Franklin_Sheldon_rev.geojson,3,,,NO,both empty
Notes,SPNOTES,TTIPNOTES,Franklin_Sheldon_rev.geojson,4,,ADUs only permitted where there is a pre-existing single-family home.,YES,"TTIPNOTES has data, SPNOTES empty"
Notes,SPNOTES,TTIPNOTES,Franklin_Sheldon_rev.geojson,5,,,NO,both empty
Notes,SPNOTES,TTIPNOTES,Lamoille_Elmore_rev.geojson,1,all lands which are located within 500 feet of the shoreline of Lake Elmore,Minimum setback from lake is 100 feet.,YES,BOTH HAVE DATA
Notes,SPNOTES,TTIPNOTES,Lamoille_Elmore_rev.geojson,2,,,NO,both empty
Notes,SPNOTES,TTIPNOTES,Lamoille_Elmore_rev.geojson,3,,"SF allowed only below 1,500 feet Mean Sea Level.

Setbacks to be determined by Development Review Board but in no case less than 25 feet.

Minimum Lot Size: (residential): 7 acre per principal use for lots created after January 1, 2000 (see Section 3.5). Minimum Lot Size (residential): 1.5 acre per principal use for lots created prior to January 1, 2000 (see Section 3.5).",YES,"TTIPNOTES has data, SPNOTES empty"
Notes,SPNOTES,TTIPNOTES,Lamoille_Elmore_rev.geojson,4,,Overlay to large portions of the Rural-East District.,YES,"TTIPNOTES has data, SPNOTES empty"
Notes,SPNOTES,TTIPNOTES,Lamoille_Elmore_rev.geojson,5,,"Min. Lot Size: 2 acres per principal use for lots created after Jan 1, 2000 (See Sect. 3.5).
Min. Lot Size: 1acre per principal use lots created prior to Jan 1, 2000 (See Sect. 3.5).",YES,"TTIPNOTES has data, SPNOTES empty"
Notes,SPNOTES,TTIPNOTES,Lamoille_Elmore_rev.geojson,6,,"Minimum Lot Size 7 acres/principal use after Jan 1, 2000 (See Sect. 3.5). 
Minimum Lot Size 1.5 acres/principal use before Jan 1, 2000 (See Sect. 3.5).",YES,"TTIPNOTES has data, SPNOTES empty"
Notes,SPNOTES,TTIPNOTES,Lamoille_Elmore_rev.geojson,7,,Minimum setback fro shoreline is 100 feet.,YES,"TTIPNOTES has data, SPNOTES empty"
Notes,SPNOTES,TTIPNOTES,Lamoille_Elmore_rev.geojson,8,,Minimum lot size is waived if on community water system.,YES,"TTIPNOTES has data, SPNOTES empty"
Notes,SPNOTES,TTIPNOTES,Lamoille_HydeParkTown_rev.geojson,1,,forest and habitat protection overlay,YES,"TTIPNOTES has data, SPNOTES empty"
Notes,SPNOTES,TTIPNOTES,Lamoille_HydeParkTown_rev.geojson,2,,,NO,both empty
Notes,SPNOTES,TTIPNOTES,Lamoille_HydeParkTown_rev.geojson,3,,,NO,both empty
Notes,SPNOTES,TTIPNOTES,Lamoille_HydeParkTown_rev.geojson,4,,Standard Flood Hazard Protection,YES,"TTIPNOTES has data, SPNOTES empty"
Notes,SPNOTES,TTIPNOTES,Lamoille_HydeParkTown_rev.geojson,5,,Viewshed protection for Green River Reservoir,YES,"TTIPNOTES has data, SPNOTES empty"
Notes,SPNOTES,TTIPNOTES,Lamoille_HydeParkTown_rev.geojson,6,,,NO,both empty
Notes,SPNOTES,TTIPNOTES,Lamoille_HydeParkTown_rev.geojson,7,,"One of two parts of the North Hyde Park Village District

No density limit for designated elderly and accessible dwelling units, in which case density shall be limited by lot coverage only.",YES,"TTIPNOTES has data, SPNOTES empty"
Notes,SPNOTES,TTIPNOTES,Lamoille_HydeParkTown_rev.geojson,8,,"One of two parts of the North Hyde Park Village District

No density limit for designated elderly and accessible dwelling units, in which case density shall be limited by lot coverage only.",YES,"TTIPNOTES has data, SPNOTES empty"
Notes,SPNOTES,TTIPNOTES,Lamoille_HydeParkTown_rev.geojson,9,,,NO,both empty
Notes,SPNOTES,TTIPNOTES,Lamoille_HydeParkTown_rev.geojson,10,,,NO,both empty
Notes,SPNOTES,TTIPNOTES,Lamoille_HydeParkTown_rev.geojson,11,,100-ft setback required for any lake or pond,YES,"TTIPNOTES has data, SPNOTES empty"
Notes,SPNOTES,TTIPNOTES,Lamoille_HydeParkTown_rev.geojson,12,,,NO,both empty
Notes,SPNOTES,TTIPNOTES,Lamoille_HydeParkTown_rev.geojson,13,,"3 Wellhead Protection Zones, with Zone 1 prohibiting any new development, and all underlying permitted uses treated as Conditional in Zones 2 and 3.",YES,"TTIPNOTES has data, SPNOTES empty"
Notes,SPNOTES,TTIPNOTES,Rutland_Benson_rev.geojson,1,,,NO,both empty
Notes,SPNOTES,TTIPNOTES,Rutland_Benson_rev.geojson,2,,,NO,both empty
Notes,SPNOTES,TTIPNOTES,Rutland_Benson_rev.geojson,3,,,NO,both empty
Notes,SPNOTES,TTIPNOTES,Rutland_Benson_rev.geojson,4,,,NO,both empty
Notes,SPNOTES,TTIPNOTES,Rutland_Benson_rev.geojson,5,,,NO,both empty
Notes,SPNOTES,TTIPNOTES,Rutland_Castleton_rev.geojson,1,,,NO,both empty
Notes,SPNOTES,TTIPNOTES,Rutland_Castleton_rev.geojson,2,,Construction in Flood Hazard Area Overlay must be reasonably safe from flooding.,YES,"TTIPNOTES has data, SPNOTES empty"
Notes,SPNOTES,TTIPNOTES,Rutland_Castleton_rev.geojson,3,,,NO,both empty
Notes,SPNOTES,TTIPNOTES,Rutland_Castleton_rev.geojson,4,,,NO,both empty
Notes,SPNOTES,TTIPNOTES,Rutland_Castleton_rev.geojson,5,,,NO,both empty
Notes,SPNOTES,TTIPNOTES,Rutland_Castleton_rev.geojson,6,,,NO,both empty
Notes,SPNOTES,TTIPNOTES,Rutland_Castleton_rev.geojson,7,,,NO,both empty
Notes,SPNOTES,TTIPNOTES,Rutland_Castleton_rev.geojson,8,,,NO,both empty
Notes,SPNOTES,TTIPNOTES,Rutland_Castleton_rev.geojson,9,,,NO,both empty
Notes,SPNOTES,TTIPNOTES,Rutland_Castleton_rev.geojson,10,,,NO,both empty
Notes,SPNOTES,TTIPNOTES,Rutland_Mendon_rev.geojson,1,,Frontage is 65 feet per acre up to 500 feet,YES,"TTIPNOTES has data, SPNOTES empty"
Notes,SPNOTES,TTIPNOTES,Rutland_Mendon_rev.geojson,2,,,NO,both empty
Notes,SPNOTES,TTIPNOTES,Rutland_Mendon_rev.geojson,3,,Frontage is 65 feet per acre up to 500 feet.,YES,"TTIPNOTES has data, SPNOTES empty"
Notes,SPNOTES,TTIPNOTES,Rutland_Mendon_rev.geojson,4,,Frontage is 65 feet per acre up to 500 feet.,YES,"TTIPNOTES has data, SPNOTES empty"
Notes,SPNOTES,TTIPNOTES,Rutland_Mendon_rev.geojson,5,,"All residential uses are public hearing and must be a PUD.
Frontage is 65 feet per acre up to 500 feet.",YES,"TTIPNOTES has data, SPNOTES empty"
Notes,SPNOTES,TTIPNOTES,Rutland_Mendon_rev.geojson,6,,"""Development within the regulatory floodway is prohibited unless it has been demonstrated through hydrologic and hydraulic analyses performed in accordance with standard engineering practice, by a registered professional engineer, certifying that the proposed development will result in no increase in flood levels during the occurrence of the base flood.""",YES,"TTIPNOTES has data, SPNOTES empty"
Notes,SPNOTES,TTIPNOTES,Rutland_Mendon_rev.geojson,7,,"Two family only allowed if owner occupied.
Frontage is 65 feet per acre up to 500 feet.",YES,"TTIPNOTES has data, SPNOTES empty"
Notes,SPNOTES,TTIPNOTES,Rutland_Mendon_rev.geojson,8,,"Two family only allowed if owner occupied.
Frontage is 65 feet per acre up to 500 feet.",YES,"TTIPNOTES has data, SPNOTES empty"
Notes,SPNOTES,TTIPNOTES,Rutland_Mendon_rev.geojson,9,,"Two family only allowed if owner occupied.
Frontage is 65 feet per acre up to 500 feet.",YES,"TTIPNOTES has data, SPNOTES empty"
Notes,SPNOTES,TTIPNOTES,Rutland_Mendon_rev.geojson,10,,"Does not include 25% slope district in map.
This district changes base district permissions to public hearing.",YES,"TTIPNOTES has data, SPNOTES empty"
Notes,SPNOTES,TTIPNOTES,Rutland_Mendon_rev.geojson,11,,"Two family only allowed if owner occupied.
Frontage is 65 feet per acre up to 500 feet.",YES,"TTIPNOTES has data, SPNOTES empty"
Notes,SPNOTES,TTIPNOTES,Rutland_Mendon_rev.geojson,12,,Frontage is 65 feet per acre up to 500 feet.,YES,"TTIPNOTES has data, SPNOTES empty"
Notes,SPNOTES,TTIPNOTES,Rutland_Mendon_rev.geojson,13,,Frontage is 65 feet per acre up to 500 feet.,YES,"TTIPNOTES has data, SPNOTES empty"
Notes,SPNOTES,TTIPNOTES,Rutland_Mendon_rev.geojson,14,,,NO,both empty
Notes,SPNOTES,TTIPNOTES,Rutland_Mendon_rev.geojson,15,,Frontage is 65 feet per acre up to 500 feet.,YES,"TTIPNOTES has data, SPNOTES empty"
Notes,SPNOTES,TTIPNOTES,Rutland_Pawlet_rev.geojson,1,,,NO,both empty
Notes,SPNOTES,TTIPNOTES,Rutland_Pawlet_rev.geojson,2,,,NO,both empty
Notes,SPNOTES,TTIPNOTES,Rutland_Pawlet_rev.geojson,3,,,NO,both empty
Notes,SPNOTES,TTIPNOTES,Rutland_Pawlet_rev.geojson,4,,,NO,both empty
Notes,SPNOTES,TTIPNOTES,Rutland_Pawlet_rev.geojson,5,,,NO,both empty
Notes,SPNOTES,TTIPNOTES,Rutland_Pawlet_rev.geojson,6,,,NO,both empty
Notes,SPNOTES,TTIPNOTES,Rutland_Pawlet_rev.geojson,7,,,NO,both empty
Notes,SPNOTES,TTIPNOTES,Rutland_Poultney_rev.geojson,1,,,NO,both empty
Notes,SPNOTES,TTIPNOTES,Rutland_Poultney_rev.geojson,2,,,NO,both empty
Notes,SPNOTES,TTIPNOTES,Rutland_Poultney_rev.geojson,3,,,NO,both empty
Notes,SPNOTES,TTIPNOTES,Rutland_Poultney_rev.geojson,4,,,NO,both empty
Notes,SPNOTES,TTIPNOTES,Rutland_Poultney_rev.geojson,5,,,NO,both empty
Notes,SPNOTES,TTIPNOTES,Rutland_Poultney_rev.geojson,6,,,NO,both empty
Notes,SPNOTES,TTIPNOTES,Rutland_Poultney_rev.geojson,7,"Any lot that is proposed to be developed for any use that adjoins a lot in a residential district or a lot which as an existing residential use as its only use, will be required to provide a landscaped buffer area along the full length of the joint property line.",,YES,"SPNOTES has data, TTIPNOTES empty"
Notes,SPNOTES,TTIPNOTES,Rutland_Poultney_rev.geojson,8,,,NO,both empty
Notes,SPNOTES,TTIPNOTES,Rutland_Poultney_rev.geojson,9,,,NO,both empty
Notes,SPNOTES,TTIPNOTES,Rutland_Poultney_rev.geojson,10,,,NO,both empty
Notes,SPNOTES,TTIPNOTES,Rutland_Poultney_rev.geojson,11,,,NO,both empty
Notes,SPNOTES,TTIPNOTES,Rutland_Poultney_rev.geojson,12,,"Any lot that is proposed to be developed for any use that adjoins a lot in a residential district or a lot which has an existing residential use as its only use, will be required to provide a landscaped buffer area along the full length of the joint property line. ",YES,"TTIPNOTES has data, SPNOTES empty"
Notes,SPNOTES,TTIPNOTES,Rutland_Poultney_rev.geojson,13,,,NO,both empty
Notes,SPNOTES,TTIPNOTES,Rutland_Proctor_rev.geojson,1,,,NO,both empty
Notes,SPNOTES,TTIPNOTES,Rutland_Proctor_rev.geojson,2,,,NO,both empty
Notes,SPNOTES,TTIPNOTES,Rutland_Proctor_rev.geojson,3,,,NO,both empty
Notes,SPNOTES,TTIPNOTES,Rutland_Proctor_rev.geojson,4,,No new structures can be built in the districts under this overlay,YES,"TTIPNOTES has data, SPNOTES empty"
Notes,SPNOTES,TTIPNOTES,Rutland_Proctor_rev.geojson,5,,,NO,both empty
Notes,SPNOTES,TTIPNOTES,Rutland_Proctor_rev.geojson,6,,,NO,both empty
Notes,SPNOTES,TTIPNOTES,Rutland_Proctor_rev.geojson,7,,,NO,both empty
Notes,SPNOTES,TTIPNOTES,Rutland_Proctor_rev.geojson,8,,,NO,both empty
Notes,SPNOTES,TTIPNOTES,Rutland_Proctor_rev.geojson,9,,,NO,both empty
Notes,SPNOTES,TTIPNOTES,Rutland_RutlandCity_rev.geojson,1,,,NO,both empty
Notes,SPNOTES,TTIPNOTES,Rutland_RutlandCity_rev.geojson,2,,,NO,both empty
Notes,SPNOTES,TTIPNOTES,Rutland_RutlandCity_rev.geojson,3,,,NO,both empty
Notes,SPNOTES,TTIPNOTES,Rutland_RutlandCity_rev.geojson,4,,,NO,both empty
Notes,SPNOTES,TTIPNOTES,Rutland_RutlandCity_rev.geojson,5,,,NO,both empty
Notes,SPNOTES,TTIPNOTES,Rutland_RutlandCity_rev.geojson,6,,,NO,both empty
Notes,SPNOTES,TTIPNOTES,Rutland_RutlandCity_rev.geojson,7,,,NO,both empty
Notes,SPNOTES,TTIPNOTES,Rutland_RutlandCity_rev.geojson,8,,,NO,both empty
Notes,SPNOTES,TTIPNOTES,Rutland_RutlandCity_rev.geojson,9,,,NO,both empty
Notes,SPNOTES,TTIPNOTES,Rutland_RutlandCity_rev.geojson,10,,,NO,both empty
Notes,SPNOTES,TTIPNOTES,Rutland_RutlandCity_rev.geojson,11,,,NO,both empty
Notes,SPNOTES,TTIPNOTES,Rutland_RutlandCity_rev.geojson,12,,,NO,both empty
Notes,SPNOTES,TTIPNOTES,Rutland_RutlandCity_rev.geojson,13,,,NO,both empty
Notes,SPNOTES,TTIPNOTES,Rutland_RutlandCity_rev.geojson,14,,,NO,both empty
Notes,SPNOTES,TTIPNOTES,Rutland_RutlandCity_rev.geojson,15,,,NO,both empty
Notes,SPNOTES,TTIPNOTES,Rutland_RutlandCity_rev.geojson,16,,,NO,both empty
Notes,SPNOTES,TTIPNOTES,Rutland_RutlandCity_rev.geojson,17,,,NO,both empty
Notes,SPNOTES,TTIPNOTES,Rutland_RutlandCity_rev.geojson,18,,,NO,both empty
Notes,SPNOTES,TTIPNOTES,Rutland_RutlandCity_rev.geojson,19,,,NO,both empty
Notes,SPNOTES,TTIPNOTES,Rutland_Shrewsbury_rev.geojson,1,,,NO,both empty
Notes,SPNOTES,TTIPNOTES,Rutland_Shrewsbury_rev.geojson,2,,"Open Space Development regulations are optional but encouraged for all development in Shrewsbury and strongly encouraged for large parcels (ie., equal to or greater then 50 acres). OSD means that the minimum lot size is replaced with an average density of one dwelling unit for each minimum lot size of the district in which the development is located and the requirements for Minimum Lot Size, Section 804.1",YES,"TTIPNOTES has data, SPNOTES empty"
Notes,SPNOTES,TTIPNOTES,Rutland_Shrewsbury_rev.geojson,3,,,NO,both empty
Notes,SPNOTES,TTIPNOTES,Rutland_Shrewsbury_rev.geojson,4,,"This District is considered under Open Space Development: A residential (or non- residential) subdivision in which a specified area of open space is protected as a condition of approval. The concept of OSD is that a parcel shall be recognized for the value of its open space – be that for agricultural, wildlife habitat, recreational, scenic or another value; and that open space be intentionally reserved free from development.",YES,"TTIPNOTES has data, SPNOTES empty"
Notes,SPNOTES,TTIPNOTES,Rutland_Shrewsbury_rev.geojson,5,,,NO,both empty
Notes,SPNOTES,TTIPNOTES,Rutland_Shrewsbury_rev.geojson,6,,"Open Space Development regulations are optional but encouraged for all development in Shrewsbury and strongly encouraged for large parcels (ie., equal to or greater then 50 acres). OSD means that the minimum lot size is replaced with an average density of one dwelling unit for each minimum lot size of the district in which the development is located and the requirements for Minimum Lot Size, Section 804.1",YES,"TTIPNOTES has data, SPNOTES empty"
Notes,SPNOTES,TTIPNOTES,Rutland_Shrewsbury_rev.geojson,7,,"Open Space Development regulations are optional but encouraged for all development in Shrewsbury and strongly encouraged for large parcels (ie., equal to or greater then 50 acres). OSD means that the minimum lot size is replaced with an average density of one dwelling unit for each minimum lot size of the district in which the development is located and the requirements for Minimum Lot Size, Section 804.1",YES,"TTIPNOTES has data, SPNOTES empty"
Notes,SPNOTES,TTIPNOTES,Rutland_Shrewsbury_rev.geojson,8,,"This District is considered under Open Space Development: A residential (or non- residential) subdivision in which a specified area of open space is protected as a condition of approval. The concept of OSD is that a parcel shall be recognized for the value of its open space – be that for agricultural, wildlife habitat, recreational, scenic or another value; and that open space be intentionally reserved free from development.",YES,"TTIPNOTES has data, SPNOTES empty"
Notes,SPNOTES,TTIPNOTES,Rutland_Shrewsbury_rev.geojson,9,,,NO,both empty
Notes,SPNOTES,TTIPNOTES,Rutland_Shrewsbury_rev.geojson,10,,"Open Space Development regulations are optional but encouraged for all development in Shrewsbury and strongly encouraged for large parcels (ie., equal to or greater then 50 acres). OSD means that the minimum lot size is replaced with an average density of one dwelling unit for each minimum lot size of the district in which the development is located and the requirements for Minimum Lot Size, Section 804.1",YES,"TTIPNOTES has data, SPNOTES empty"
Notes,SPNOTES,TTIPNOTES,Rutland_Shrewsbury_rev.geojson,11,- Open Space Development strongly encouraged (75% open space maintained),,YES,"SPNOTES has data, TTIPNOTES empty"
Notes,SPNOTES,TTIPNOTES,Rutland_Tinmouth_rev.geojson,1,,"The purpose of the Agricultural Overlay District is to retain large tracts of undeveloped, open land in areas identified as having a high resource value for agriculture. This Overlay District will preserve open space and prevent the fragmentation of land into parcels too small to farm. ",YES,"TTIPNOTES has data, SPNOTES empty"
Notes,SPNOTES,TTIPNOTES,Rutland_Tinmouth_rev.geojson,2,,,NO,both empty
Notes,SPNOTES,TTIPNOTES,Rutland_Tinmouth_rev.geojson,3,,"The Tinmouth Board of Adjustment shall require, as a condition of approval in all flood hazard areas, that all development be designated to (i) minimize flood damage to the proposed development and
to public facilities and utilities, and (ii) to provide adequate drainage to reduce exposure to flood hazards.",YES,"TTIPNOTES has data, SPNOTES empty"
Notes,SPNOTES,TTIPNOTES,Rutland_Tinmouth_rev.geojson,4,,,NO,both empty
Notes,SPNOTES,TTIPNOTES,Rutland_Tinmouth_rev.geojson,5,,,NO,both empty
Notes,SPNOTES,TTIPNOTES,Rutland_Tinmouth_rev.geojson,6,"Not mentioned in zoning code, but town plan mentions that all development within this overlay requires a conditional use permit.",All development within overlay areas requires a conditional use permit.,YES,BOTH HAVE DATA
Notes,SPNOTES,TTIPNOTES,Rutland_Tinmouth_rev.geojson,7,,,NO,both empty
Notes,SPNOTES,TTIPNOTES,Rutland_Wallingford_rev.geojson,1,,Multi-family housing allowed after conditional use and site plan approval.,YES,"TTIPNOTES has data, SPNOTES empty"
Notes,SPNOTES,TTIPNOTES,Rutland_Wallingford_rev.geojson,2,,,NO,both empty
Notes,SPNOTES,TTIPNOTES,Rutland_Wallingford_rev.geojson,3,,,NO,both empty
Notes,SPNOTES,TTIPNOTES,Rutland_Wallingford_rev.geojson,4,,,NO,both empty
Notes,SPNOTES,TTIPNOTES,Rutland_Wallingford_rev.geojson,5,,,NO,both empty
Notes,SPNOTES,TTIPNOTES,Rutland_Wallingford_rev.geojson,6,,Multiple-family housing is allowed after conditional use and site plan approval.,YES,"TTIPNOTES has data, SPNOTES empty"
Notes,SPNOTES,TTIPNOTES,Windham_Putney_rev.geojson,1,,Building setback minimum from Town or State highway rights-of-way: 15 ft,YES,"TTIPNOTES has data, SPNOTES empty"
Notes,SPNOTES,TTIPNOTES,Windham_Putney_rev.geojson,2,,Building setback minimum from Town or State highway rights-of-way: 25 ft,YES,"TTIPNOTES has data, SPNOTES empty"
Notes,SPNOTES,TTIPNOTES,Windham_Putney_rev.geojson,3,,Building setback minimum from Town or State highway rights-of-way: 15 ft,YES,"TTIPNOTES has data, SPNOTES empty"
Notes,SPNOTES,TTIPNOTES,Windham_Putney_rev.geojson,4,,Building setback minimum from Town or State highway rights-of-way: 15 ft,YES,"TTIPNOTES has data, SPNOTES empty"
Notes,SPNOTES,TTIPNOTES,Windham_Putney_rev.geojson,5,,"Minimum lot area changes based on sewage and connectivity. Only Sewered lot info: 1 family: 0.34 acre minimum lot size; 2 family: 0.34 acre minimum lot size; 3 family: 0.34 acre minimum lot size; 4 family: 0.46 acre minimum lot size; 5 family: 0.57 acre minimum lot size

Town water and sewage: 1 family: 0.23 acre minimum lot size; 2 family: 0.23 acre minimum lot size; 3 family: 0.23 acre minimum lot size; 4 family: 0.34 acre minimum lot size; 5 family: 0.46 acre minimum lot size

Building setback minimum from Town or State highway rights-of-way: 0 ft, max 50 ft",YES,"TTIPNOTES has data, SPNOTES empty"
Notes,SPNOTES,TTIPNOTES,Windham_Putney_rev.geojson,6,,"Minimum lot area changes based on sewage connectivity, info below reflects non-sewered lots. Sewered lot info: 1 family: 0.46 acre minimum lot size; 2 family: 0.46 acre minimum lot size; 3 family: 0.46 acre minimum lot size; 4 family: 0.69 acre minimum lot size; 5 family: 0.92 acre minimum lot size",YES,"TTIPNOTES has data, SPNOTES empty"
Notes,SPNOTES,TTIPNOTES,Windsor_Andover_rev.geojson,1,Andover is zoned entirely as one district and therefore does not have a zoning map.,,YES,"SPNOTES has data, TTIPNOTES empty"
